x,y,vx,vy,Paddle.y
1141,386,-7,-7,400
1134,379,-7,-7,400
1127,372,-7,-7,400
1120,365,-7,-7,400
1113,358,-7,-7,400
1106,351,-7,-7,400
1099,344,-7,-7,400
1092,337,-7,-7,400
1085,330,-7,-7,400
1078,323,-7,-7,400
1071,316,-7,-7,400
1064,309,-7,-7,400
1057,302,-7,-7,400
1050,295,-7,-7,400
1043,288,-7,-7,400
1036,281,-7,-7,400
1029,274,-7,-7,400
1022,267,-7,-7,400
1015,260,-7,-7,400
1008,253,-7,-7,400
1001,246,-7,-7,400
994,239,-7,-7,400
987,232,-7,-7,400
980,225,-7,-7,400
973,218,-7,-7,400
966,211,-7,-7,400
959,204,-7,-7,400
952,197,-7,-7,400
945,190,-7,-7,400
938,183,-7,-7,400
931,176,-7,-7,400
924,169,-7,-7,400
917,162,-7,-7,400
910,155,-7,-7,400
903,148,-7,-7,400
896,141,-7,-7,400
889,134,-7,-7,400
882,127,-7,-7,400
875,120,-7,-7,400
868,113,-7,-7,400
861,106,-7,-7,400
854,99,-7,-7,400
847,92,-7,-7,400
840,85,-7,-7,400
833,78,-7,-7,400
826,71,-7,-7,400
819,64,-7,-7,400
812,57,-7,-7,400
805,50,-7,-7,400
798,43,-7,-7,400
791,36,-7,-7,400
791,36,-7,7,400
784,43,-7,7,400
777,50,-7,7,400
770,57,-7,7,400
763,64,-7,7,400
756,71,-7,7,400
749,78,-7,7,400
742,85,-7,7,400
735,92,-7,7,400
728,99,-7,7,400
721,106,-7,7,400
714,113,-7,7,400
707,120,-7,7,400
700,127,-7,7,400
693,134,-7,7,400
686,141,-7,7,400
679,148,-7,7,400
672,155,-7,7,400
665,162,-7,7,400
658,169,-7,7,400
651,176,-7,7,400
644,183,-7,7,400
637,190,-7,7,400
630,197,-7,7,400
623,204,-7,7,400
616,211,-7,7,400
609,218,-7,7,400
602,225,-7,7,400
595,232,-7,7,400
588,239,-7,7,400
581,246,-7,7,400
574,253,-7,7,400
567,260,-7,7,400
560,267,-7,7,400
553,274,-7,7,400
546,281,-7,7,400
539,288,-7,7,400
532,295,-7,7,400
525,302,-7,7,400
518,309,-7,7,400
511,316,-7,7,400
504,323,-7,7,400
497,330,-7,7,400
490,337,-7,7,400
483,344,-7,7,400
476,351,-7,7,400
469,358,-7,7,400
462,365,-7,7,400
455,372,-7,7,400
448,379,-7,7,400
441,386,-7,7,400
434,393,-7,7,400
427,400,-7,7,400
420,407,-7,7,400
413,414,-7,7,400
406,421,-7,7,400
399,428,-7,7,400
392,435,-7,7,400
385,442,-7,7,400
378,449,-7,7,400
371,456,-7,7,400
364,463,-7,7,400
357,470,-7,7,400
350,477,-7,7,400
343,484,-7,7,400
336,491,-7,7,400
329,498,-7,7,400
322,505,-7,7,400
315,512,-7,7,400
308,519,-7,7,400
301,526,-7,7,400
294,533,-7,7,400
287,540,-7,7,400
280,547,-7,7,400
273,554,-7,7,400
266,561,-7,7,400
259,568,-7,7,400
252,575,-7,7,400
245,582,-7,7,400
238,589,-7,7,400
231,596,-7,7,400
224,603,-7,7,400
217,610,-7,7,400
210,617,-7,7,400
203,624,-7,7,400
196,631,-7,7,400
189,638,-7,7,400
182,645,-7,7,400
175,652,-7,7,400
168,659,-7,7,386
161,666,-7,7,372
154,673,-7,7,358
147,680,-7,7,344
140,687,-7,7,330
133,694,-7,7,330
126,701,-7,7,330
119,708,-7,7,330
112,715,-7,7,330
105,722,-7,7,330
98,729,-7,7,330
91,736,-7,7,330
84,743,-7,7,330
77,750,-7,7,330
70,757,-7,7,330
63,764,-7,7,330
63,764,-7,-7,330
56,757,-7,-7,330
49,750,-7,-7,330
42,743,-7,-7,330
42,743,7,-7,330
49,736,7,-7,330
56,729,7,-7,330
63,722,7,-7,330
70,715,7,-7,330
77,708,7,-7,330
84,701,7,-7,330
91,694,7,-7,330
98,687,7,-7,330
105,680,7,-7,330
112,673,7,-7,330
119,666,7,-7,330
126,659,7,-7,330
133,652,7,-7,330
140,645,7,-7,330
147,638,7,-7,330
154,631,7,-7,330
161,624,7,-7,330
168,617,7,-7,330
175,610,7,-7,330
182,603,7,-7,330
189,596,7,-7,330
196,589,7,-7,330
203,582,7,-7,330
210,575,7,-7,330
217,568,7,-7,330
224,561,7,-7,316
231,554,7,-7,302
238,547,7,-7,288
245,540,7,-7,274
252,533,7,-7,274
259,526,7,-7,274
266,519,7,-7,274
273,512,7,-7,274
280,505,7,-7,274
287,498,7,-7,274
294,491,7,-7,274
301,484,7,-7,274
308,477,7,-7,274
315,470,7,-7,274
322,463,7,-7,274
329,456,7,-7,274
336,449,7,-7,274
343,442,7,-7,274
350,435,7,-7,274
357,428,7,-7,274
364,421,7,-7,274
371,414,7,-7,274
378,407,7,-7,274
385,400,7,-7,274
392,393,7,-7,274
399,386,7,-7,274
406,379,7,-7,274
413,372,7,-7,274
420,365,7,-7,274
427,358,7,-7,274
434,351,7,-7,274
441,344,7,-7,274
448,337,7,-7,274
455,330,7,-7,274
462,323,7,-7,274
469,316,7,-7,274
476,309,7,-7,274
483,302,7,-7,274
490,295,7,-7,274
497,288,7,-7,274
504,281,7,-7,274
511,274,7,-7,274
518,267,7,-7,274
525,260,7,-7,274
532,253,7,-7,274
539,246,7,-7,274
546,239,7,-7,274
553,232,7,-7,274
560,225,7,-7,260
567,218,7,-7,246
574,211,7,-7,232
581,204,7,-7,218
588,197,7,-7,218
595,190,7,-7,218
602,183,7,-7,218
609,176,7,-7,218
616,169,7,-7,218
623,162,7,-7,218
630,155,7,-7,218
637,148,7,-7,218
644,141,7,-7,218
651,134,7,-7,218
658,127,7,-7,218
665,120,7,-7,218
672,113,7,-7,218
679,106,7,-7,218
686,99,7,-7,218
693,92,7,-7,218
700,85,7,-7,218
707,78,7,-7,218
714,71,7,-7,218
721,64,7,-7,218
728,57,7,-7,218
735,50,7,-7,218
742,43,7,-7,218
749,36,7,-7,218
749,36,7,7,218
756,43,7,7,218
763,50,7,7,218
770,57,7,7,218
777,64,7,7,218
784,71,7,7,218
791,78,7,7,218
798,85,7,7,218
805,92,7,7,218
812,99,7,7,218
819,106,7,7,218
826,113,7,7,218
833,120,7,7,232
840,127,7,7,246
847,134,7,7,260
854,141,7,7,274
861,148,7,7,288
868,155,7,7,302
875,162,7,7,316
882,169,7,7,330
889,176,7,7,330
896,183,7,7,330
903,190,7,7,330
910,197,7,7,330
917,204,7,7,330
924,211,7,7,330
931,218,7,7,330
938,225,7,7,330
945,232,7,7,330
952,239,7,7,330
959,246,7,7,330
966,253,7,7,330
973,260,7,7,330
980,267,7,7,330
987,274,7,7,344
994,281,7,7,358
1001,288,7,7,372
1008,295,7,7,386
1015,302,7,7,400
1022,309,7,7,414
1029,316,7,7,414
1036,323,7,7,414
1043,330,7,7,414
1050,337,7,7,414
1057,344,7,7,414
1064,351,7,7,414
1071,358,7,7,414
1078,365,7,7,414
1085,372,7,7,414
1092,379,7,7,414
1099,386,7,7,414
1106,393,7,7,414
1113,400,7,7,414
1120,407,7,7,414
1127,414,7,7,414
1134,421,7,7,428
1141,428,7,7,442
1148,435,7,7,456
1155,442,7,7,456
1162,449,7,7,456
1162,449,-7,7,456
1155,456,-7,7,456
1148,463,-7,7,456
1141,470,-7,7,456
1134,477,-7,7,456
1127,484,-7,7,456
1120,491,-7,7,456
1113,498,-7,7,456
1106,505,-7,7,456
1099,512,-7,7,456
1092,519,-7,7,456
1085,526,-7,7,456
1078,533,-7,7,456
1071,540,-7,7,456
1064,547,-7,7,456
1057,554,-7,7,456
1050,561,-7,7,456
1043,568,-7,7,456
1036,575,-7,7,456
1029,582,-7,7,456
1022,589,-7,7,456
1015,596,-7,7,456
1008,603,-7,7,456
1001,610,-7,7,456
994,617,-7,7,456
987,624,-7,7,456
980,631,-7,7,456
973,638,-7,7,456
966,645,-7,7,456
959,652,-7,7,456
952,659,-7,7,456
945,666,-7,7,456
938,673,-7,7,456
931,680,-7,7,456
924,687,-7,7,456
917,694,-7,7,456
910,701,-7,7,456
903,708,-7,7,456
896,715,-7,7,456
889,722,-7,7,456
882,729,-7,7,456
875,736,-7,7,456
868,743,-7,7,456
861,750,-7,7,456
854,757,-7,7,456
847,764,-7,7,456
847,764,-7,-7,456
840,757,-7,-7,456
833,750,-7,-7,456
826,743,-7,-7,456
819,736,-7,-7,456
812,729,-7,-7,456
805,722,-7,-7,456
798,715,-7,-7,456
791,708,-7,-7,456
784,701,-7,-7,456
777,694,-7,-7,456
770,687,-7,-7,456
763,680,-7,-7,456
756,673,-7,-7,456
749,666,-7,-7,456
742,659,-7,-7,456
735,652,-7,-7,456
728,645,-7,-7,456
721,638,-7,-7,456
714,631,-7,-7,456
707,624,-7,-7,456
700,617,-7,-7,456
693,610,-7,-7,456
686,603,-7,-7,456
679,596,-7,-7,456
672,589,-7,-7,456
665,582,-7,-7,456
658,575,-7,-7,456
651,568,-7,-7,456
644,561,-7,-7,456
637,554,-7,-7,456
630,547,-7,-7,456
623,540,-7,-7,456
616,533,-7,-7,456
609,526,-7,-7,456
602,519,-7,-7,456
595,512,-7,-7,456
588,505,-7,-7,456
581,498,-7,-7,456
574,491,-7,-7,456
567,484,-7,-7,456
560,477,-7,-7,456
553,470,-7,-7,456
546,463,-7,-7,456
539,456,-7,-7,456
532,449,-7,-7,456
525,442,-7,-7,456
518,435,-7,-7,456
511,428,-7,-7,456
504,421,-7,-7,456
497,414,-7,-7,456
490,407,-7,-7,456
483,400,-7,-7,456
476,393,-7,-7,456
469,386,-7,-7,456
462,379,-7,-7,456
455,372,-7,-7,456
448,365,-7,-7,456
441,358,-7,-7,456
434,351,-7,-7,456
427,344,-7,-7,456
420,337,-7,-7,456
413,330,-7,-7,456
406,323,-7,-7,456
399,316,-7,-7,456
392,309,-7,-7,456
385,302,-7,-7,456
378,295,-7,-7,456
371,288,-7,-7,456
364,281,-7,-7,456
357,274,-7,-7,456
350,267,-7,-7,456
343,260,-7,-7,456
336,253,-7,-7,456
329,246,-7,-7,456
322,239,-7,-7,456
315,232,-7,-7,456
308,225,-7,-7,456
301,218,-7,-7,456
294,211,-7,-7,456
287,204,-7,-7,456
280,197,-7,-7,456
273,190,-7,-7,456
266,183,-7,-7,456
259,176,-7,-7,456
252,169,-7,-7,456
245,162,-7,-7,456
238,155,-7,-7,456
231,148,-7,-7,456
224,141,-7,-7,456
217,134,-7,-7,456
210,127,-7,-7,456
203,120,-7,-7,456
196,113,-7,-7,456
189,106,-7,-7,456
182,99,-7,-7,456
175,92,-7,-7,456
168,85,-7,-7,456
161,78,-7,-7,456
154,71,-7,-7,456
147,64,-7,-7,456
140,57,-7,-7,456
133,50,-7,-7,456
126,43,-7,-7,456
119,36,-7,-7,456
119,36,-7,7,456
112,43,-7,7,456
105,50,-7,7,456
98,57,-7,7,456
91,64,-7,7,456
84,71,-7,7,456
77,78,-7,7,456
70,85,-7,7,456
63,92,-7,7,456
56,99,-7,7,456
49,106,-7,7,456
42,113,-7,7,456
42,113,7,7,456
49,120,7,7,456
56,127,7,7,456
63,134,7,7,456
70,141,7,7,456
77,148,7,7,456
84,155,7,7,456
91,162,7,7,456
98,169,7,7,456
105,176,7,7,456
112,183,7,7,456
119,190,7,7,456
126,197,7,7,456
133,204,7,7,456
140,211,7,7,456
147,218,7,7,456
154,225,7,7,456
161,232,7,7,456
168,239,7,7,456
175,246,7,7,456
182,253,7,7,456
189,260,7,7,456
196,267,7,7,456
203,274,7,7,456
210,281,7,7,456
217,288,7,7,456
224,295,7,7,456
231,302,7,7,456
238,309,7,7,456
245,316,7,7,456
252,323,7,7,456
259,330,7,7,456
266,337,7,7,456
273,344,7,7,456
280,351,7,7,456
287,358,7,7,456
294,365,7,7,456
301,372,7,7,456
308,379,7,7,456
315,386,7,7,456
322,393,7,7,456
329,400,7,7,456
336,407,7,7,456
343,414,7,7,456
350,421,7,7,456
357,428,7,7,456
364,435,7,7,456
371,442,7,7,456
378,449,7,7,456
385,456,7,7,456
392,463,7,7,456
399,470,7,7,456
406,477,7,7,456
413,484,7,7,456
420,491,7,7,456
427,498,7,7,456
434,505,7,7,456
441,512,7,7,456
448,519,7,7,456
455,526,7,7,456
462,533,7,7,456
469,540,7,7,456
476,547,7,7,456
483,554,7,7,456
490,561,7,7,456
497,568,7,7,456
504,575,7,7,456
511,582,7,7,456
518,589,7,7,456
525,596,7,7,456
532,603,7,7,456
539,610,7,7,456
546,617,7,7,456
553,624,7,7,456
560,631,7,7,456
567,638,7,7,456
574,645,7,7,456
581,652,7,7,456
588,659,7,7,456
595,666,7,7,456
602,673,7,7,456
609,680,7,7,456
616,687,7,7,456
623,694,7,7,456
630,701,7,7,456
637,708,7,7,456
644,715,7,7,456
651,722,7,7,456
658,729,7,7,456
665,736,7,7,456
672,743,7,7,456
679,750,7,7,456
686,757,7,7,456
693,764,7,7,456
693,764,7,-7,456
700,757,7,-7,456
707,750,7,-7,456
714,743,7,-7,456
721,736,7,-7,456
728,729,7,-7,456
735,722,7,-7,456
742,715,7,-7,456
749,708,7,-7,456
756,701,7,-7,456
763,694,7,-7,456
770,687,7,-7,456
777,680,7,-7,456
784,673,7,-7,456
791,666,7,-7,456
798,659,7,-7,456
805,652,7,-7,442
812,645,7,-7,428
819,638,7,-7,414
826,631,7,-7,400
833,624,7,-7,386
840,617,7,-7,372
847,610,7,-7,358
854,603,7,-7,344
861,596,7,-7,344
868,589,7,-7,344
875,582,7,-7,344
882,575,7,-7,344
889,568,7,-7,344
896,561,7,-7,344
903,554,7,-7,344
910,547,7,-7,344
917,540,7,-7,344
924,533,7,-7,344
931,526,7,-7,344
938,519,7,-7,344
945,512,7,-7,344
952,505,7,-7,344
959,498,7,-7,344
966,491,7,-7,344
973,484,7,-7,344
980,477,7,-7,344
987,470,7,-7,344
994,463,7,-7,330
1001,456,7,-7,316
1008,449,7,-7,302
1015,442,7,-7,288
1022,435,7,-7,274
1029,428,7,-7,260
1036,421,7,-7,260
1043,414,7,-7,260
1050,407,7,-7,260
1057,400,7,-7,260
1064,393,7,-7,260
1071,386,7,-7,260
1078,379,7,-7,260
1085,372,7,-7,260
1092,365,7,-7,260
1099,358,7,-7,260
1106,351,7,-7,260
1113,344,7,-7,260
1120,337,7,-7,260
1127,330,7,-7,260
1134,323,7,-7,260
1141,316,7,-7,260
1148,309,7,-7,260
1155,302,7,-7,260
1162,295,7,-7,260
1162,295,-7,-7,260
1155,288,-7,-7,260
1148,281,-7,-7,260
1141,274,-7,-7,260
1134,267,-7,-7,260
1127,260,-7,-7,260
1120,253,-7,-7,260
1113,246,-7,-7,260
1106,239,-7,-7,260
1099,232,-7,-7,260
1092,225,-7,-7,260
1085,218,-7,-7,260
1078,211,-7,-7,260
1071,204,-7,-7,260
1064,197,-7,-7,260
1057,190,-7,-7,260
1050,183,-7,-7,260
1043,176,-7,-7,260
1036,169,-7,-7,260
1029,162,-7,-7,260
1022,155,-7,-7,260
1015,148,-7,-7,260
1008,141,-7,-7,260
1001,134,-7,-7,260
994,127,-7,-7,260
987,120,-7,-7,260
980,113,-7,-7,260
973,106,-7,-7,260
966,99,-7,-7,260
959,92,-7,-7,260
952,85,-7,-7,260
945,78,-7,-7,260
938,71,-7,-7,260
931,64,-7,-7,260
924,57,-7,-7,260
917,50,-7,-7,260
910,43,-7,-7,260
903,36,-7,-7,260
903,36,-7,7,260
896,43,-7,7,260
889,50,-7,7,260
882,57,-7,7,260
875,64,-7,7,260
868,71,-7,7,260
861,78,-7,7,260
854,85,-7,7,260
847,92,-7,7,260
840,99,-7,7,260
833,106,-7,7,260
826,113,-7,7,260
819,120,-7,7,274
812,127,-7,7,288
805,134,-7,7,302
798,141,-7,7,316
791,148,-7,7,330
784,155,-7,7,344
777,162,-7,7,358
770,169,-7,7,372
763,176,-7,7,386
756,183,-7,7,386
749,190,-7,7,386
742,197,-7,7,386
735,204,-7,7,386
728,211,-7,7,386
721,218,-7,7,386
714,225,-7,7,386
707,232,-7,7,386
700,239,-7,7,386
693,246,-7,7,386
686,253,-7,7,386
679,260,-7,7,386
672,267,-7,7,386
665,274,-7,7,386
658,281,-7,7,386
651,288,-7,7,386
644,295,-7,7,386
637,302,-7,7,386
630,309,-7,7,386
623,316,-7,7,386
616,323,-7,7,386
609,330,-7,7,386
602,337,-7,7,386
595,344,-7,7,386
588,351,-7,7,386
581,358,-7,7,386
574,365,-7,7,386
567,372,-7,7,400
560,379,-7,7,414
553,386,-7,7,428
546,393,-7,7,442
539,400,-7,7,442
532,407,-7,7,442
525,414,-7,7,442
518,421,-7,7,442
511,428,-7,7,442
504,435,-7,7,442
497,442,-7,7,442
490,449,-7,7,442
483,456,-7,7,442
476,463,-7,7,442
469,470,-7,7,442
462,477,-7,7,442
455,484,-7,7,442
448,491,-7,7,442
441,498,-7,7,442
434,505,-7,7,442
427,512,-7,7,442
420,519,-7,7,442
413,526,-7,7,442
406,533,-7,7,442
399,540,-7,7,442
392,547,-7,7,442
385,554,-7,7,442
378,561,-7,7,442
371,568,-7,7,442
364,575,-7,7,442
357,582,-7,7,442
350,589,-7,7,442
343,596,-7,7,442
336,603,-7,7,442
329,610,-7,7,442
322,617,-7,7,442
315,624,-7,7,442
308,631,-7,7,442
301,638,-7,7,442
294,645,-7,7,442
287,652,-7,7,442
280,659,-7,7,442
273,666,-7,7,442
266,673,-7,7,442
259,680,-7,7,442
252,687,-7,7,442
245,694,-7,7,442
238,701,-7,7,442
231,708,-7,7,442
224,715,-7,7,442
217,722,-7,7,442
210,729,-7,7,442
203,736,-7,7,442
196,743,-7,7,442
189,750,-7,7,442
182,757,-7,7,442
175,764,-7,7,442
175,764,-7,-7,442
168,757,-7,-7,442
161,750,-7,-7,442
154,743,-7,-7,442
147,736,-7,-7,442
140,729,-7,-7,442
133,722,-7,-7,442
126,715,-7,-7,442
119,708,-7,-7,442
112,701,-7,-7,442
105,694,-7,-7,442
98,687,-7,-7,442
91,680,-7,-7,442
84,673,-7,-7,442
77,666,-7,-7,442
70,659,-7,-7,442
63,652,-7,-7,442
56,645,-7,-7,442
49,638,-7,-7,442
42,631,-7,-7,442
42,631,7,-7,442
49,624,7,-7,442
56,617,7,-7,442
63,610,7,-7,442
70,603,7,-7,442
77,596,7,-7,442
84,589,7,-7,442
91,582,7,-7,442
98,575,7,-7,442
105,568,7,-7,442
112,561,7,-7,442
119,554,7,-7,442
126,547,7,-7,442
133,540,7,-7,442
140,533,7,-7,442
147,526,7,-7,442
154,519,7,-7,442
161,512,7,-7,442
168,505,7,-7,442
175,498,7,-7,442
182,491,7,-7,442
189,484,7,-7,442
196,477,7,-7,442
203,470,7,-7,442
210,463,7,-7,442
217,456,7,-7,442
224,449,7,-7,442
231,442,7,-7,442
238,435,7,-7,442
245,428,7,-7,442
252,421,7,-7,442
259,414,7,-7,442
266,407,7,-7,442
273,400,7,-7,442
280,393,7,-7,442
287,386,7,-7,442
294,379,7,-7,442
301,372,7,-7,442
308,365,7,-7,442
315,358,7,-7,442
322,351,7,-7,442
329,344,7,-7,442
336,337,7,-7,442
343,330,7,-7,442
350,323,7,-7,442
357,316,7,-7,442
364,309,7,-7,442
371,302,7,-7,428
378,295,7,-7,414
385,288,7,-7,400
392,281,7,-7,386
399,274,7,-7,372
406,267,7,-7,358
413,260,7,-7,344
420,253,7,-7,344
427,246,7,-7,344
434,239,7,-7,344
441,232,7,-7,344
448,225,7,-7,344
455,218,7,-7,344
462,211,7,-7,344
469,204,7,-7,344
476,197,7,-7,344
483,190,7,-7,344
490,183,7,-7,344
497,176,7,-7,344
504,169,7,-7,344
511,162,7,-7,344
518,155,7,-7,344
525,148,7,-7,344
532,141,7,-7,344
539,134,7,-7,344
546,127,7,-7,344
553,120,7,-7,344
560,113,7,-7,344
567,106,7,-7,344
574,99,7,-7,344
581,92,7,-7,344
588,85,7,-7,344
595,78,7,-7,344
602,71,7,-7,344
609,64,7,-7,344
616,57,7,-7,344
623,50,7,-7,330
630,43,7,-7,316
637,36,7,-7,302
637,36,7,7,288
644,43,7,7,288
651,50,7,7,288
658,57,7,7,288
665,64,7,7,288
672,71,7,7,288
679,78,7,7,288
686,85,7,7,288
693,92,7,7,288
700,99,7,7,288
707,106,7,7,288
714,113,7,7,288
721,120,7,7,288
728,127,7,7,288
735,134,7,7,288
742,141,7,7,302
749,148,7,7,316
756,155,7,7,330
763,162,7,7,344
770,169,7,7,358
777,176,7,7,372
784,183,7,7,386
791,190,7,7,400
798,197,7,7,414
805,204,7,7,428
812,211,7,7,442
819,218,7,7,456
826,225,7,7,456
833,232,7,7,456
840,239,7,7,456
847,246,7,7,456
854,253,7,7,456
861,260,7,7,456
868,267,7,7,456
875,274,7,7,456
882,281,7,7,456
889,288,7,7,456
896,295,7,7,456
903,302,7,7,456
910,309,7,7,456
917,316,7,7,456
924,323,7,7,456
931,330,7,7,470
938,337,7,7,484
945,344,7,7,498
952,351,7,7,512
959,358,7,7,526
966,365,7,7,526
973,372,7,7,526
980,379,7,7,526
987,386,7,7,526
994,393,7,7,526
1001,400,7,7,526
1008,407,7,7,526
1015,414,7,7,526
1022,421,7,7,526
1029,428,7,7,526
1036,435,7,7,526
1043,442,7,7,526
1050,449,7,7,526
1057,456,7,7,526
1064,463,7,7,526
1071,470,7,7,526
1078,477,7,7,526
1085,484,7,7,540
1092,491,7,7,554
1099,498,7,7,568
1106,505,7,7,568
1113,512,7,7,568
1120,519,7,7,568
1127,526,7,7,568
1134,533,7,7,568
1141,540,7,7,568
1148,547,7,7,568
1155,554,7,7,568
1162,561,7,7,568
1162,561,-7,7,568
1155,568,-7,7,582
1148,575,-7,7,596
1141,582,-7,7,610
1134,589,-7,7,610
1127,596,-7,7,610
1120,603,-7,7,610
1113,610,-7,7,610
1106,617,-7,7,610
1099,624,-7,7,610
1092,631,-7,7,610
1085,638,-7,7,610
1078,645,-7,7,610
1071,652,-7,7,610
1064,659,-7,7,610
1057,666,-7,7,610
1050,673,-7,7,610
1043,680,-7,7,610
1036,687,-7,7,610
1029,694,-7,7,610
1022,701,-7,7,610
1015,708,-7,7,610
1008,715,-7,7,610
1001,722,-7,7,610
994,729,-7,7,610
987,736,-7,7,610
980,743,-7,7,610
973,750,-7,7,610
966,757,-7,7,610
959,764,-7,7,610
959,764,-7,-7,610
952,757,-7,-7,610
945,750,-7,-7,610
938,743,-7,-7,610
931,736,-7,-7,610
924,729,-7,-7,610
917,722,-7,-7,610
910,715,-7,-7,610
903,708,-7,-7,610
896,701,-7,-7,610
889,694,-7,-7,610
882,687,-7,-7,610
875,680,-7,-7,610
868,673,-7,-7,610
861,666,-7,-7,610
854,659,-7,-7,610
847,652,-7,-7,610
840,645,-7,-7,610
833,638,-7,-7,610
826,631,-7,-7,610
819,624,-7,-7,610
812,617,-7,-7,610
805,610,-7,-7,610
798,603,-7,-7,610
791,596,-7,-7,610
784,589,-7,-7,610
777,582,-7,-7,610
770,575,-7,-7,610
763,568,-7,-7,610
756,561,-7,-7,610
749,554,-7,-7,610
742,547,-7,-7,610
735,540,-7,-7,610
728,533,-7,-7,610
721,526,-7,-7,610
714,519,-7,-7,610
707,512,-7,-7,610
700,505,-7,-7,610
693,498,-7,-7,610
686,491,-7,-7,610
679,484,-7,-7,610
672,477,-7,-7,610
665,470,-7,-7,610
658,463,-7,-7,610
651,456,-7,-7,610
644,449,-7,-7,610
637,442,-7,-7,610
630,435,-7,-7,610
623,428,-7,-7,610
616,421,-7,-7,610
609,414,-7,-7,610
602,407,-7,-7,610
595,400,-7,-7,610
588,393,-7,-7,610
581,386,-7,-7,610
574,379,-7,-7,610
567,372,-7,-7,610
560,365,-7,-7,610
553,358,-7,-7,610
546,351,-7,-7,610
539,344,-7,-7,610
532,337,-7,-7,610
525,330,-7,-7,610
518,323,-7,-7,610
511,316,-7,-7,610
504,309,-7,-7,610
497,302,-7,-7,610
490,295,-7,-7,610
483,288,-7,-7,610
476,281,-7,-7,610
469,274,-7,-7,610
462,267,-7,-7,610
455,260,-7,-7,610
448,253,-7,-7,610
441,246,-7,-7,610
434,239,-7,-7,610
427,232,-7,-7,610
420,225,-7,-7,610
413,218,-7,-7,610
406,211,-7,-7,610
399,204,-7,-7,610
392,197,-7,-7,610
385,190,-7,-7,610
378,183,-7,-7,610
371,176,-7,-7,610
364,169,-7,-7,610
357,162,-7,-7,610
350,155,-7,-7,610
343,148,-7,-7,610
336,141,-7,-7,610
329,134,-7,-7,610
322,127,-7,-7,610
315,120,-7,-7,610
308,113,-7,-7,610
301,106,-7,-7,610
294,99,-7,-7,610
287,92,-7,-7,610
280,85,-7,-7,610
273,78,-7,-7,610
266,71,-7,-7,610
259,64,-7,-7,610
252,57,-7,-7,610
245,50,-7,-7,610
238,43,-7,-7,610
231,36,-7,-7,610
231,36,-7,7,610
224,43,-7,7,610
217,50,-7,7,610
210,57,-7,7,610
203,64,-7,7,610
196,71,-7,7,610
189,78,-7,7,610
182,85,-7,7,610
175,92,-7,7,610
168,99,-7,7,610
161,106,-7,7,610
154,113,-7,7,610
147,120,-7,7,610
140,127,-7,7,610
133,134,-7,7,610
126,141,-7,7,610
119,148,-7,7,610
112,155,-7,7,610
105,162,-7,7,610
98,169,-7,7,610
91,176,-7,7,610
84,183,-7,7,610
77,190,-7,7,610
70,197,-7,7,610
63,204,-7,7,610
56,211,-7,7,610
49,218,-7,7,610
42,225,-7,7,610
42,225,7,7,610
49,232,7,7,610
56,239,7,7,610
63,246,7,7,610
70,253,7,7,610
77,260,7,7,610
84,267,7,7,610
91,274,7,7,610
98,281,7,7,610
105,288,7,7,610
112,295,7,7,610
119,302,7,7,610
126,309,7,7,610
133,316,7,7,610
140,323,7,7,610
147,330,7,7,610
154,337,7,7,610
161,344,7,7,610
168,351,7,7,610
175,358,7,7,610
182,365,7,7,610
189,372,7,7,610
196,379,7,7,610
203,386,7,7,610
210,393,7,7,610
217,400,7,7,610
224,407,7,7,610
231,414,7,7,610
238,421,7,7,610
245,428,7,7,610
252,435,7,7,610
259,442,7,7,610
266,449,7,7,610
273,456,7,7,610
280,463,7,7,610
287,470,7,7,610
294,477,7,7,610
301,484,7,7,610
308,491,7,7,610
315,498,7,7,610
322,505,7,7,610
329,512,7,7,610
336,519,7,7,610
343,526,7,7,610
350,533,7,7,610
357,540,7,7,610
364,547,7,7,610
371,554,7,7,610
378,561,7,7,610
385,568,7,7,610
392,575,7,7,610
399,582,7,7,610
406,589,7,7,610
413,596,7,7,610
420,603,7,7,610
427,610,7,7,610
434,617,7,7,610
441,624,7,7,610
448,631,7,7,610
455,638,7,7,610
462,645,7,7,610
469,652,7,7,610
476,659,7,7,610
483,666,7,7,610
490,673,7,7,610
497,680,7,7,610
504,687,7,7,610
511,694,7,7,610
518,701,7,7,610
525,708,7,7,610
532,715,7,7,610
539,722,7,7,610
546,729,7,7,610
553,736,7,7,610
560,743,7,7,596
567,750,7,7,582
574,757,7,7,568
581,764,7,7,568
581,764,7,-7,568
588,757,7,-7,568
595,750,7,-7,568
602,743,7,-7,568
609,736,7,-7,568
616,729,7,-7,554
623,722,7,-7,540
630,715,7,-7,526
637,708,7,-7,512
644,701,7,-7,498
651,694,7,-7,498
658,687,7,-7,498
665,680,7,-7,498
672,673,7,-7,498
679,666,7,-7,498
686,659,7,-7,498
693,652,7,-7,498
700,645,7,-7,498
707,638,7,-7,498
714,631,7,-7,498
721,624,7,-7,498
728,617,7,-7,498
735,610,7,-7,498
742,603,7,-7,498
749,596,7,-7,498
756,589,7,-7,484
763,582,7,-7,470
770,575,7,-7,456
777,568,7,-7,442
784,561,7,-7,428
791,554,7,-7,414
798,547,7,-7,400
805,540,7,-7,386
812,533,7,-7,372
819,526,7,-7,358
826,519,7,-7,344
833,512,7,-7,330
840,505,7,-7,330
847,498,7,-7,330
854,491,7,-7,330
861,484,7,-7,330
868,477,7,-7,330
875,470,7,-7,330
882,463,7,-7,330
889,456,7,-7,330
896,449,7,-7,330
903,442,7,-7,330
910,435,7,-7,330
917,428,7,-7,330
924,421,7,-7,330
931,414,7,-7,330
938,407,7,-7,330
945,400,7,-7,316
952,393,7,-7,302
959,386,7,-7,288
966,379,7,-7,274
973,372,7,-7,260
980,365,7,-7,260
987,358,7,-7,260
994,351,7,-7,260
1001,344,7,-7,260
1008,337,7,-7,260
1015,330,7,-7,260
1022,323,7,-7,260
1029,316,7,-7,260
1036,309,7,-7,260
1043,302,7,-7,260
1050,295,7,-7,260
1057,288,7,-7,260
1064,281,7,-7,260
1071,274,7,-7,246
1078,267,7,-7,232
1085,260,7,-7,218
1092,253,7,-7,204
1099,246,7,-7,204
1106,239,7,-7,204
1113,232,7,-7,204
1120,225,7,-7,204
1127,218,7,-7,204
1134,211,7,-7,204
1141,204,7,-7,204
1148,197,7,-7,204
1155,190,7,-7,204
1162,183,7,-7,204
1162,183,-7,-7,190
1155,176,-7,-7,176
1148,169,-7,-7,162
1141,162,-7,-7,162
1134,155,-7,-7,162
1127,148,-7,-7,162
1120,141,-7,-7,162
1113,134,-7,-7,162
1106,127,-7,-7,162
1099,120,-7,-7,162
1092,113,-7,-7,162
1085,106,-7,-7,162
1078,99,-7,-7,162
1071,92,-7,-7,162
1064,85,-7,-7,162
1057,78,-7,-7,162
1050,71,-7,-7,162
1043,64,-7,-7,162
1036,57,-7,-7,162
1029,50,-7,-7,162
1022,43,-7,-7,162
1015,36,-7,-7,162
1015,36,-7,7,162
1008,43,-7,7,162
1001,50,-7,7,162
994,57,-7,7,162
987,64,-7,7,162
980,71,-7,7,162
973,78,-7,7,162
966,85,-7,7,162
959,92,-7,7,162
952,99,-7,7,162
945,106,-7,7,162
938,113,-7,7,162
931,120,-7,7,162
924,127,-7,7,162
917,134,-7,7,162
910,141,-7,7,162
903,148,-7,7,162
896,155,-7,7,162
889,162,-7,7,162
882,169,-7,7,162
875,176,-7,7,162
868,183,-7,7,162
861,190,-7,7,162
854,197,-7,7,162
847,204,-7,7,162
840,211,-7,7,162
833,218,-7,7,162
826,225,-7,7,162
819,232,-7,7,162
812,239,-7,7,162
805,246,-7,7,162
798,253,-7,7,162
791,260,-7,7,162
784,267,-7,7,162
777,274,-7,7,162
770,281,-7,7,162
763,288,-7,7,162
756,295,-7,7,162
749,302,-7,7,162
742,309,-7,7,162
735,316,-7,7,162
728,323,-7,7,162
721,330,-7,7,162
714,337,-7,7,162
707,344,-7,7,162
700,351,-7,7,162
693,358,-7,7,162
686,365,-7,7,162
679,372,-7,7,162
672,379,-7,7,162
665,386,-7,7,162
658,393,-7,7,162
651,400,-7,7,162
644,407,-7,7,162
637,414,-7,7,162
630,421,-7,7,162
623,428,-7,7,162
616,435,-7,7,162
609,442,-7,7,162
602,449,-7,7,162
595,456,-7,7,162
588,463,-7,7,162
581,470,-7,7,162
574,477,-7,7,162
567,484,-7,7,162
560,491,-7,7,162
553,498,-7,7,162
546,505,-7,7,162
539,512,-7,7,162
532,519,-7,7,162
525,526,-7,7,162
518,533,-7,7,162
511,540,-7,7,162
504,547,-7,7,162
497,554,-7,7,162
490,561,-7,7,162
483,568,-7,7,162
476,575,-7,7,162
469,582,-7,7,162
462,589,-7,7,162
455,596,-7,7,162
448,603,-7,7,162
441,610,-7,7,162
434,617,-7,7,162
427,624,-7,7,162
420,631,-7,7,162
413,638,-7,7,162
406,645,-7,7,162
399,652,-7,7,162
392,659,-7,7,162
385,666,-7,7,162
378,673,-7,7,162
371,680,-7,7,162
364,687,-7,7,162
357,694,-7,7,162
350,701,-7,7,162
343,708,-7,7,162
336,715,-7,7,162
329,722,-7,7,162
322,729,-7,7,162
315,736,-7,7,162
308,743,-7,7,162
301,750,-7,7,162
294,757,-7,7,162
287,764,-7,7,162
287,764,-7,-7,162
280,757,-7,-7,162
273,750,-7,-7,162
266,743,-7,-7,162
259,736,-7,-7,162
252,729,-7,-7,162
245,722,-7,-7,162
238,715,-7,-7,162
231,708,-7,-7,162
224,701,-7,-7,162
217,694,-7,-7,162
210,687,-7,-7,162
203,680,-7,-7,162
196,673,-7,-7,162
189,666,-7,-7,162
182,659,-7,-7,162
175,652,-7,-7,162
168,645,-7,-7,162
161,638,-7,-7,162
154,631,-7,-7,162
147,624,-7,-7,162
140,617,-7,-7,162
133,610,-7,-7,162
126,603,-7,-7,162
119,596,-7,-7,162
112,589,-7,-7,162
105,582,-7,-7,162
98,575,-7,-7,162
91,568,-7,-7,162
84,561,-7,-7,162
77,554,-7,-7,162
70,547,-7,-7,162
63,540,-7,-7,162
56,533,-7,-7,162
49,526,-7,-7,162
42,519,-7,-7,162
42,519,7,-7,162
49,512,7,-7,162
56,505,7,-7,162
63,498,7,-7,162
70,491,7,-7,162
77,484,7,-7,162
84,477,7,-7,162
91,470,7,-7,162
98,463,7,-7,162
105,456,7,-7,162
112,449,7,-7,162
119,442,7,-7,162
126,435,7,-7,162
133,428,7,-7,162
140,421,7,-7,162
147,414,7,-7,162
154,407,7,-7,162
161,400,7,-7,162
168,393,7,-7,162
175,386,7,-7,162
182,379,7,-7,162
189,372,7,-7,162
196,365,7,-7,162
203,358,7,-7,162
210,351,7,-7,162
217,344,7,-7,162
224,337,7,-7,162
231,330,7,-7,162
238,323,7,-7,162
245,316,7,-7,162
252,309,7,-7,162
259,302,7,-7,162
266,295,7,-7,162
273,288,7,-7,162
280,281,7,-7,162
287,274,7,-7,162
294,267,7,-7,162
301,260,7,-7,162
308,253,7,-7,162
315,246,7,-7,162
322,239,7,-7,162
329,232,7,-7,162
336,225,7,-7,162
343,218,7,-7,162
350,211,7,-7,162
357,204,7,-7,162
364,197,7,-7,162
371,190,7,-7,162
378,183,7,-7,162
385,176,7,-7,162
392,169,7,-7,162
399,162,7,-7,162
406,155,7,-7,162
413,148,7,-7,162
420,141,7,-7,162
427,134,7,-7,162
434,127,7,-7,162
441,120,7,-7,162
448,113,7,-7,162
455,106,7,-7,162
462,99,7,-7,162
469,92,7,-7,162
476,85,7,-7,162
483,78,7,-7,162
490,71,7,-7,162
497,64,7,-7,162
504,57,7,-7,162
511,50,7,-7,162
518,43,7,-7,162
525,36,7,-7,162
525,36,7,7,162
532,43,7,7,162
539,50,7,7,162
546,57,7,7,162
553,64,7,7,162
560,71,7,7,162
567,78,7,7,162
574,85,7,7,162
581,92,7,7,162
588,99,7,7,162
595,106,7,7,162
602,113,7,7,162
609,120,7,7,162
616,127,7,7,162
623,134,7,7,162
630,141,7,7,162
637,148,7,7,162
644,155,7,7,176
651,162,7,7,190
658,169,7,7,204
665,176,7,7,218
672,183,7,7,232
679,190,7,7,246
686,197,7,7,260
693,204,7,7,274
700,211,7,7,288
707,218,7,7,302
714,225,7,7,316
721,232,7,7,330
728,239,7,7,344
735,246,7,7,358
742,253,7,7,372
749,260,7,7,386
756,267,7,7,400
763,274,7,7,414
770,281,7,7,428
777,288,7,7,442
784,295,7,7,456
791,302,7,7,470
798,309,7,7,484
805,316,7,7,498
812,323,7,7,512
819,330,7,7,526
826,337,7,7,540
833,344,7,7,554
840,351,7,7,568
847,358,7,7,568
854,365,7,7,568
861,372,7,7,568
868,379,7,7,568
875,386,7,7,568
882,393,7,7,568
889,400,7,7,568
896,407,7,7,568
903,414,7,7,568
910,421,7,7,568
917,428,7,7,568
924,435,7,7,568
931,442,7,7,568
938,449,7,7,582
945,456,7,7,596
952,463,7,7,610
959,470,7,7,624
966,477,7,7,638
973,484,7,7,652
980,491,7,7,652
987,498,7,7,652
994,505,7,7,652
1001,512,7,7,652
1008,519,7,7,652
1015,526,7,7,652
1022,533,7,7,652
1029,540,7,7,652
1036,547,7,7,652
1043,554,7,7,652
1050,561,7,7,652
1057,568,7,7,652
1064,575,7,7,652
1071,582,7,7,652
1078,589,7,7,652
1085,596,7,7,666
1092,603,7,7,680
1099,610,7,7,680
1106,617,7,7,680
1113,624,7,7,680
1120,631,7,7,680
1127,638,7,7,680
1134,645,7,7,680
1141,652,7,7,680
1148,659,7,7,680
1155,666,7,7,680
1162,673,7,7,680
1162,673,-7,7,680
1155,680,-7,7,680
1148,687,-7,7,680
1141,694,-7,7,680
1134,701,-7,7,680
1127,708,-7,7,680
1120,715,-7,7,680
1113,722,-7,7,680
1106,729,-7,7,680
1099,736,-7,7,680
1092,743,-7,7,680
1085,750,-7,7,680
1078,757,-7,7,680
1071,764,-7,7,680
1071,764,-7,-7,680
1064,757,-7,-7,680
1057,750,-7,-7,680
1050,743,-7,-7,680
1043,736,-7,-7,680
1036,729,-7,-7,680
1029,722,-7,-7,680
1022,715,-7,-7,680
1015,708,-7,-7,680
1008,701,-7,-7,680
1001,694,-7,-7,680
994,687,-7,-7,680
987,680,-7,-7,680
980,673,-7,-7,680
973,666,-7,-7,680
966,659,-7,-7,680
959,652,-7,-7,680
952,645,-7,-7,680
945,638,-7,-7,680
938,631,-7,-7,680
931,624,-7,-7,680
924,617,-7,-7,680
917,610,-7,-7,680
910,603,-7,-7,680
903,596,-7,-7,680
896,589,-7,-7,680
889,582,-7,-7,680
882,575,-7,-7,680
875,568,-7,-7,680
868,561,-7,-7,680
861,554,-7,-7,680
854,547,-7,-7,680
847,540,-7,-7,680
840,533,-7,-7,680
833,526,-7,-7,680
826,519,-7,-7,680
819,512,-7,-7,680
812,505,-7,-7,680
805,498,-7,-7,680
798,491,-7,-7,680
791,484,-7,-7,680
784,477,-7,-7,680
777,470,-7,-7,680
770,463,-7,-7,680
763,456,-7,-7,680
756,449,-7,-7,680
749,442,-7,-7,680
742,435,-7,-7,680
735,428,-7,-7,680
728,421,-7,-7,680
721,414,-7,-7,680
714,407,-7,-7,680
707,400,-7,-7,680
700,393,-7,-7,680
693,386,-7,-7,680
686,379,-7,-7,680
679,372,-7,-7,680
672,365,-7,-7,680
665,358,-7,-7,680
658,351,-7,-7,680
651,344,-7,-7,680
644,337,-7,-7,680
637,330,-7,-7,680
630,323,-7,-7,680
623,316,-7,-7,680
616,309,-7,-7,680
609,302,-7,-7,680
602,295,-7,-7,680
595,288,-7,-7,680
588,281,-7,-7,680
581,274,-7,-7,680
574,267,-7,-7,680
567,260,-7,-7,680
560,253,-7,-7,680
553,246,-7,-7,680
546,239,-7,-7,680
539,232,-7,-7,680
532,225,-7,-7,680
525,218,-7,-7,680
518,211,-7,-7,680
511,204,-7,-7,680
504,197,-7,-7,680
497,190,-7,-7,680
490,183,-7,-7,680
483,176,-7,-7,680
476,169,-7,-7,680
469,162,-7,-7,680
462,155,-7,-7,680
455,148,-7,-7,680
448,141,-7,-7,680
441,134,-7,-7,680
434,127,-7,-7,680
427,120,-7,-7,680
420,113,-7,-7,680
413,106,-7,-7,680
406,99,-7,-7,680
399,92,-7,-7,680
392,85,-7,-7,680
385,78,-7,-7,680
378,71,-7,-7,680
371,64,-7,-7,680
364,57,-7,-7,680
357,50,-7,-7,680
350,43,-7,-7,680
343,36,-7,-7,680
343,36,-7,7,680
336,43,-7,7,680
329,50,-7,7,680
322,57,-7,7,680
315,64,-7,7,680
308,71,-7,7,680
301,78,-7,7,680
294,85,-7,7,680
287,92,-7,7,680
280,99,-7,7,680
273,106,-7,7,680
266,113,-7,7,680
259,120,-7,7,680
252,127,-7,7,680
245,134,-7,7,680
238,141,-7,7,680
231,148,-7,7,680
224,155,-7,7,680
217,162,-7,7,680
210,169,-7,7,680
203,176,-7,7,680
196,183,-7,7,680
189,190,-7,7,680
182,197,-7,7,666
175,204,-7,7,652
168,211,-7,7,638
161,218,-7,7,624
154,225,-7,7,610
147,232,-7,7,596
140,239,-7,7,582
133,246,-7,7,568
126,253,-7,7,554
119,260,-7,7,540
112,267,-7,7,526
105,274,-7,7,526
98,281,-7,7,526
91,288,-7,7,526
84,295,-7,7,526
77,302,-7,7,526
70,309,-7,7,526
63,316,-7,7,526
56,323,-7,7,526
49,330,-7,7,526
42,337,-7,7,526
42,337,7,7,526
49,344,7,7,526
56,351,7,7,526
63,358,7,7,526
70,365,7,7,526
77,372,7,7,526
84,379,7,7,526
91,386,7,7,526
98,393,7,7,526
105,400,7,7,526
112,407,7,7,526
119,414,7,7,526
126,421,7,7,526
133,428,7,7,526
140,435,7,7,526
147,442,7,7,526
154,449,7,7,526
161,456,7,7,526
168,463,7,7,526
175,470,7,7,526
182,477,7,7,526
189,484,7,7,526
196,491,7,7,526
203,498,7,7,526
210,505,7,7,526
217,512,7,7,526
224,519,7,7,526
231,526,7,7,526
238,533,7,7,526
245,540,7,7,526
252,547,7,7,526
259,554,7,7,526
266,561,7,7,526
273,568,7,7,526
280,575,7,7,526
287,582,7,7,526
294,589,7,7,526
301,596,7,7,526
308,603,7,7,526
315,610,7,7,526
322,617,7,7,526
329,624,7,7,526
336,631,7,7,526
343,638,7,7,526
350,645,7,7,526
357,652,7,7,526
364,659,7,7,526
371,666,7,7,526
378,673,7,7,526
385,680,7,7,526
392,687,7,7,526
399,694,7,7,526
406,701,7,7,526
413,708,7,7,526
420,715,7,7,526
427,722,7,7,526
434,729,7,7,526
441,736,7,7,526
448,743,7,7,526
455,750,7,7,526
462,757,7,7,526
469,764,7,7,526
469,764,7,-7,526
476,757,7,-7,526
483,750,7,-7,526
490,743,7,-7,526
497,736,7,-7,526
504,729,7,-7,526
511,722,7,-7,526
518,715,7,-7,526
525,708,7,-7,526
532,701,7,-7,526
539,694,7,-7,526
546,687,7,-7,526
553,680,7,-7,512
560,673,7,-7,498
567,666,7,-7,484
574,659,7,-7,470
581,652,7,-7,456
588,645,7,-7,456
595,638,7,-7,456
602,631,7,-7,456
609,624,7,-7,456
616,617,7,-7,456
623,610,7,-7,456
630,603,7,-7,456
637,596,7,-7,442
644,589,7,-7,428
651,582,7,-7,414
658,575,7,-7,400
665,568,7,-7,386
672,561,7,-7,372
679,554,7,-7,358
686,547,7,-7,344
693,540,7,-7,330
700,533,7,-7,316
707,526,7,-7,302
714,519,7,-7,288
721,512,7,-7,288
728,505,7,-7,288
735,498,7,-7,288
742,491,7,-7,288
749,484,7,-7,288
756,477,7,-7,288
763,470,7,-7,288
770,463,7,-7,288
777,456,7,-7,288
784,449,7,-7,288
791,442,7,-7,288
798,435,7,-7,288
805,428,7,-7,288
812,421,7,-7,288
819,414,7,-7,288
826,407,7,-7,288
833,400,7,-7,274
840,393,7,-7,260
847,386,7,-7,246
854,379,7,-7,232
861,372,7,-7,218
868,365,7,-7,204
875,358,7,-7,190
882,351,7,-7,176
889,344,7,-7,176
896,337,7,-7,176
903,330,7,-7,176
910,323,7,-7,176
917,316,7,-7,176
924,309,7,-7,176
931,302,7,-7,176
938,295,7,-7,176
945,288,7,-7,176
952,281,7,-7,176
959,274,7,-7,176
966,267,7,-7,176
973,260,7,-7,176
980,253,7,-7,176
987,246,7,-7,176
994,239,7,-7,176
1001,232,7,-7,162
1008,225,7,-7,148
1015,218,7,-7,134
1022,211,7,-7,120
1029,204,7,-7,106
1036,197,7,-7,106
1043,190,7,-7,106
1050,183,7,-7,106
1057,176,7,-7,106
1064,169,7,-7,106
1071,162,7,-7,106
1078,155,7,-7,106
1085,148,7,-7,106
1092,141,7,-7,106
1099,134,7,-7,106
1106,127,7,-7,106
1113,120,7,-7,106
1120,113,7,-7,106
1127,106,7,-7,106
1134,99,7,-7,92
1141,92,7,-7,78
1148,85,7,-7,78
1155,78,7,-7,78
1162,71,7,-7,78
1162,71,-7,-7,78
1155,64,-7,-7,78
1148,57,-7,-7,78
1141,50,-7,-7,78
1134,43,-7,-7,78
1127,36,-7,-7,78
1127,36,-7,7,78
1120,43,-7,7,78
1113,50,-7,7,78
1106,57,-7,7,78
1099,64,-7,7,78
1092,71,-7,7,78
1085,78,-7,7,78
1078,85,-7,7,78
1071,92,-7,7,78
1064,99,-7,7,78
1057,106,-7,7,78
1050,113,-7,7,78
1043,120,-7,7,78
1036,127,-7,7,78
1029,134,-7,7,78
1022,141,-7,7,78
1015,148,-7,7,78
1008,155,-7,7,78
1001,162,-7,7,78
994,169,-7,7,78
987,176,-7,7,78
980,183,-7,7,78
973,190,-7,7,78
966,197,-7,7,78
959,204,-7,7,78
952,211,-7,7,78
945,218,-7,7,78
938,225,-7,7,78
931,232,-7,7,78
924,239,-7,7,78
917,246,-7,7,78
910,253,-7,7,78
903,260,-7,7,78
896,267,-7,7,78
889,274,-7,7,78
882,281,-7,7,78
875,288,-7,7,78
868,295,-7,7,78
861,302,-7,7,78
854,309,-7,7,78
847,316,-7,7,78
840,323,-7,7,78
833,330,-7,7,78
826,337,-7,7,78
819,344,-7,7,78
812,351,-7,7,78
805,358,-7,7,78
798,365,-7,7,78
791,372,-7,7,78
784,379,-7,7,78
777,386,-7,7,78
770,393,-7,7,78
763,400,-7,7,78
756,407,-7,7,78
749,414,-7,7,78
742,421,-7,7,78
735,428,-7,7,78
728,435,-7,7,78
721,442,-7,7,78
714,449,-7,7,78
707,456,-7,7,78
700,463,-7,7,78
693,470,-7,7,78
686,477,-7,7,78
679,484,-7,7,78
672,491,-7,7,78
665,498,-7,7,78
658,505,-7,7,78
651,512,-7,7,78
644,519,-7,7,78
637,526,-7,7,78
630,533,-7,7,78
623,540,-7,7,78
616,547,-7,7,78
609,554,-7,7,78
602,561,-7,7,78
595,568,-7,7,78
588,575,-7,7,78
581,582,-7,7,78
574,589,-7,7,78
567,596,-7,7,78
560,603,-7,7,78
553,610,-7,7,78
546,617,-7,7,78
539,624,-7,7,78
532,631,-7,7,78
525,638,-7,7,78
518,645,-7,7,78
511,652,-7,7,78
504,659,-7,7,78
497,666,-7,7,78
490,673,-7,7,78
483,680,-7,7,78
476,687,-7,7,78
469,694,-7,7,78
462,701,-7,7,78
455,708,-7,7,78
448,715,-7,7,78
441,722,-7,7,78
434,729,-7,7,78
427,736,-7,7,78
420,743,-7,7,78
413,750,-7,7,78
406,757,-7,7,78
399,764,-7,7,78
399,764,-7,-7,78
392,757,-7,-7,78
385,750,-7,-7,78
378,743,-7,-7,78
371,736,-7,-7,78
364,729,-7,-7,78
357,722,-7,-7,78
350,715,-7,-7,78
343,708,-7,-7,78
336,701,-7,-7,78
329,694,-7,-7,78
322,687,-7,-7,78
315,680,-7,-7,78
308,673,-7,-7,78
301,666,-7,-7,78
294,659,-7,-7,78
287,652,-7,-7,78
280,645,-7,-7,78
273,638,-7,-7,78
266,631,-7,-7,78
259,624,-7,-7,78
252,617,-7,-7,78
245,610,-7,-7,78
238,603,-7,-7,78
231,596,-7,-7,78
224,589,-7,-7,78
217,582,-7,-7,78
210,575,-7,-7,78
203,568,-7,-7,78
196,561,-7,-7,78
189,554,-7,-7,78
182,547,-7,-7,78
175,540,-7,-7,78
168,533,-7,-7,78
161,526,-7,-7,78
154,519,-7,-7,78
147,512,-7,-7,78
140,505,-7,-7,78
133,498,-7,-7,78
126,491,-7,-7,78
119,484,-7,-7,78
112,477,-7,-7,78
105,470,-7,-7,78
98,463,-7,-7,78
91,456,-7,-7,78
84,449,-7,-7,78
77,442,-7,-7,78
70,435,-7,-7,78
63,428,-7,-7,78
56,421,-7,-7,78
49,414,-7,-7,78
42,407,-7,-7,78
42,407,7,-7,78
49,400,7,-7,78
56,393,7,-7,78
63,386,7,-7,78
70,379,7,-7,78
77,372,7,-7,78
84,365,7,-7,78
91,358,7,-7,78
98,351,7,-7,78
105,344,7,-7,78
112,337,7,-7,78
119,330,7,-7,78
126,323,7,-7,78
133,316,7,-7,78
140,309,7,-7,78
147,302,7,-7,78
154,295,7,-7,78
161,288,7,-7,78
168,281,7,-7,78
175,274,7,-7,78
182,267,7,-7,78
189,260,7,-7,78
196,253,7,-7,78
203,246,7,-7,78
210,239,7,-7,78
217,232,7,-7,78
224,225,7,-7,78
231,218,7,-7,78
238,211,7,-7,78
245,204,7,-7,78
252,197,7,-7,78
259,190,7,-7,78
266,183,7,-7,78
273,176,7,-7,78
280,169,7,-7,78
287,162,7,-7,78
294,155,7,-7,78
301,148,7,-7,78
308,141,7,-7,78
315,134,7,-7,78
322,127,7,-7,78
329,120,7,-7,78
336,113,7,-7,78
343,106,7,-7,78
350,99,7,-7,78
357,92,7,-7,78
364,85,7,-7,78
371,78,7,-7,78
378,71,7,-7,78
385,64,7,-7,78
392,57,7,-7,78
399,50,7,-7,78
406,43,7,-7,78
413,36,7,-7,78
413,36,7,7,78
420,43,7,7,78
427,50,7,7,78
434,57,7,7,78
441,64,7,7,78
448,71,7,7,78
455,78,7,7,78
462,85,7,7,78
469,92,7,7,92
476,99,7,7,106
483,106,7,7,120
490,113,7,7,134
497,120,7,7,148
504,127,7,7,162
511,134,7,7,176
518,141,7,7,190
525,148,7,7,204
532,155,7,7,218
539,162,7,7,232
546,169,7,7,246
553,176,7,7,260
560,183,7,7,274
567,190,7,7,288
574,197,7,7,302
581,204,7,7,316
588,211,7,7,330
595,218,7,7,344
602,225,7,7,358
609,232,7,7,372
616,239,7,7,386
623,246,7,7,400
630,253,7,7,414
637,260,7,7,428
644,267,7,7,442
651,274,7,7,456
658,281,7,7,470
665,288,7,7,484
672,295,7,7,498
679,302,7,7,512
686,309,7,7,526
693,316,7,7,540
700,323,7,7,554
707,330,7,7,568
714,337,7,7,582
721,344,7,7,596
728,351,7,7,610
735,358,7,7,610
742,365,7,7,610
749,372,7,7,610
756,379,7,7,610
763,386,7,7,610
770,393,7,7,610
777,400,7,7,610
784,407,7,7,610
791,414,7,7,610
798,421,7,7,610
805,428,7,7,610
812,435,7,7,610
819,442,7,7,624
826,449,7,7,638
833,456,7,7,652
840,463,7,7,666
847,470,7,7,680
854,477,7,7,680
861,484,7,7,680
868,491,7,7,680
875,498,7,7,680
882,505,7,7,680
889,512,7,7,680
896,519,7,7,680
903,526,7,7,680
910,533,7,7,680
917,540,7,7,680
924,547,7,7,680
931,554,7,7,680
938,561,7,7,680
945,568,7,7,680
952,575,7,7,680
959,582,7,7,680
966,589,7,7,680
973,596,7,7,680
980,603,7,7,680
987,610,7,7,680
994,617,7,7,680
1001,624,7,7,680
1008,631,7,7,680
1015,638,7,7,680
1022,645,7,7,680
1029,652,7,7,680
1036,659,7,7,680
1043,666,7,7,680
1050,673,7,7,680
1057,680,7,7,694
1064,687,7,7,708
1071,694,7,7,722
1078,701,7,7,722
1085,708,7,7,722
1092,715,7,7,722
1099,722,7,7,722
1106,729,7,7,722
1113,736,7,7,722
1120,743,7,7,722
1127,750,7,7,722
1134,757,7,7,722
1141,764,7,7,722
1141,764,7,-7,722
1148,757,7,-7,722
1155,750,7,-7,722
1162,743,7,-7,722
1162,743,-7,-7,722
1155,736,-7,-7,722
1148,729,-7,-7,722
1141,722,-7,-7,722
1134,715,-7,-7,722
1127,708,-7,-7,722
1120,701,-7,-7,722
1113,694,-7,-7,722
1106,687,-7,-7,722
1099,680,-7,-7,722
1092,673,-7,-7,722
1085,666,-7,-7,722
1078,659,-7,-7,722
1071,652,-7,-7,722
1064,645,-7,-7,722
1057,638,-7,-7,722
1050,631,-7,-7,722
1043,624,-7,-7,722
1036,617,-7,-7,722
1029,610,-7,-7,722
1022,603,-7,-7,722
1015,596,-7,-7,722
1008,589,-7,-7,722
1001,582,-7,-7,722
994,575,-7,-7,722
987,568,-7,-7,722
980,561,-7,-7,722
973,554,-7,-7,722
966,547,-7,-7,722
959,540,-7,-7,722
952,533,-7,-7,722
945,526,-7,-7,722
938,519,-7,-7,722
931,512,-7,-7,722
924,505,-7,-7,722
917,498,-7,-7,722
910,491,-7,-7,722
903,484,-7,-7,722
896,477,-7,-7,722
889,470,-7,-7,722
882,463,-7,-7,722
875,456,-7,-7,722
868,449,-7,-7,722
861,442,-7,-7,722
854,435,-7,-7,722
847,428,-7,-7,722
840,421,-7,-7,708
833,414,-7,-7,694
826,407,-7,-7,680
819,400,-7,-7,666
812,393,-7,-7,652
805,386,-7,-7,638
798,379,-7,-7,624
791,372,-7,-7,610
784,365,-7,-7,596
777,358,-7,-7,582
770,351,-7,-7,568
763,344,-7,-7,554
756,337,-7,-7,540
749,330,-7,-7,526
742,323,-7,-7,512
735,316,-7,-7,512
728,309,-7,-7,512
721,302,-7,-7,512
714,295,-7,-7,512
707,288,-7,-7,512
700,281,-7,-7,512
693,274,-7,-7,512
686,267,-7,-7,512
679,260,-7,-7,512
672,253,-7,-7,512
665,246,-7,-7,512
658,239,-7,-7,512
651,232,-7,-7,512
644,225,-7,-7,512
637,218,-7,-7,512
630,211,-7,-7,512
623,204,-7,-7,512
616,197,-7,-7,512
609,190,-7,-7,512
602,183,-7,-7,512
595,176,-7,-7,512
588,169,-7,-7,512
581,162,-7,-7,512
574,155,-7,-7,512
567,148,-7,-7,512
560,141,-7,-7,512
553,134,-7,-7,512
546,127,-7,-7,512
539,120,-7,-7,512
532,113,-7,-7,512
525,106,-7,-7,512
518,99,-7,-7,512
511,92,-7,-7,512
504,85,-7,-7,512
497,78,-7,-7,512
490,71,-7,-7,512
483,64,-7,-7,512
476,57,-7,-7,512
469,50,-7,-7,512
462,43,-7,-7,512
455,36,-7,-7,512
455,36,-7,7,512
448,43,-7,7,512
441,50,-7,7,512
434,57,-7,7,512
427,64,-7,7,512
420,71,-7,7,512
413,78,-7,7,512
406,85,-7,7,512
399,92,-7,7,512
392,99,-7,7,512
385,106,-7,7,512
378,113,-7,7,512
371,120,-7,7,512
364,127,-7,7,512
357,134,-7,7,512
350,141,-7,7,512
343,148,-7,7,512
336,155,-7,7,512
329,162,-7,7,512
322,169,-7,7,512
315,176,-7,7,512
308,183,-7,7,512
301,190,-7,7,512
294,197,-7,7,512
287,204,-7,7,512
280,211,-7,7,512
273,218,-7,7,512
266,225,-7,7,512
259,232,-7,7,512
252,239,-7,7,512
245,246,-7,7,512
238,253,-7,7,512
231,260,-7,7,512
224,267,-7,7,512
217,274,-7,7,512
210,281,-7,7,512
203,288,-7,7,512
196,295,-7,7,512
189,302,-7,7,512
182,309,-7,7,512
175,316,-7,7,512
168,323,-7,7,512
161,330,-7,7,512
154,337,-7,7,512
147,344,-7,7,512
140,351,-7,7,512
133,358,-7,7,512
126,365,-7,7,512
119,372,-7,7,512
112,379,-7,7,512
105,386,-7,7,512
98,393,-7,7,512
91,400,-7,7,512
84,407,-7,7,512
77,414,-7,7,512
70,421,-7,7,512
63,428,-7,7,512
56,435,-7,7,512
49,442,-7,7,512
42,449,-7,7,512
42,449,7,7,512
49,456,7,7,512
56,463,7,7,512
63,470,7,7,512
70,477,7,7,512
77,484,7,7,512
84,491,7,7,512
91,498,7,7,512
98,505,7,7,512
105,512,7,7,512
112,519,7,7,512
119,526,7,7,512
126,533,7,7,512
133,540,7,7,512
140,547,7,7,512
147,554,7,7,512
154,561,7,7,512
161,568,7,7,512
168,575,7,7,512
175,582,7,7,512
182,589,7,7,512
189,596,7,7,512
196,603,7,7,512
203,610,7,7,512
210,617,7,7,512
217,624,7,7,512
224,631,7,7,512
231,638,7,7,512
238,645,7,7,512
245,652,7,7,512
252,659,7,7,512
259,666,7,7,512
266,673,7,7,512
273,680,7,7,512
280,687,7,7,512
287,694,7,7,512
294,701,7,7,512
301,708,7,7,512
308,715,7,7,512
315,722,7,7,512
322,729,7,7,512
329,736,7,7,512
336,743,7,7,512
343,750,7,7,512
350,757,7,7,512
357,764,7,7,512
357,764,7,-7,512
364,757,7,-7,512
371,750,7,-7,512
378,743,7,-7,512
385,736,7,-7,512
392,729,7,-7,512
399,722,7,-7,512
406,715,7,-7,512
413,708,7,-7,512
420,701,7,-7,512
427,694,7,-7,512
434,687,7,-7,512
441,680,7,-7,512
448,673,7,-7,512
455,666,7,-7,512
462,659,7,-7,512
469,652,7,-7,512
476,645,7,-7,512
483,638,7,-7,512
490,631,7,-7,512
497,624,7,-7,512
504,617,7,-7,512
511,610,7,-7,512
518,603,7,-7,512
525,596,7,-7,512
532,589,7,-7,512
539,582,7,-7,512
546,575,7,-7,498
553,568,7,-7,484
560,561,7,-7,470
567,554,7,-7,456
574,547,7,-7,442
581,540,7,-7,428
588,533,7,-7,414
595,526,7,-7,400
602,519,7,-7,386
609,512,7,-7,372
616,505,7,-7,358
623,498,7,-7,344
630,491,7,-7,330
637,484,7,-7,330
644,477,7,-7,330
651,470,7,-7,330
658,463,7,-7,330
665,456,7,-7,330
672,449,7,-7,330
679,442,7,-7,330
686,435,7,-7,330
693,428,7,-7,330
700,421,7,-7,330
707,414,7,-7,330
714,407,7,-7,330
721,400,7,-7,330
728,393,7,-7,330
735,386,7,-7,330
742,379,7,-7,330
749,372,7,-7,330
756,365,7,-7,330
763,358,7,-7,330
770,351,7,-7,330
777,344,7,-7,330
784,337,7,-7,330
791,330,7,-7,330
798,323,7,-7,330
805,316,7,-7,330
812,309,7,-7,330
819,302,7,-7,330
826,295,7,-7,316
833,288,7,-7,302
840,281,7,-7,288
847,274,7,-7,274
854,267,7,-7,260
861,260,7,-7,246
868,253,7,-7,246
875,246,7,-7,246
882,239,7,-7,246
889,232,7,-7,246
896,225,7,-7,246
903,218,7,-7,246
910,211,7,-7,246
917,204,7,-7,246
924,197,7,-7,246
931,190,7,-7,246
938,183,7,-7,246
945,176,7,-7,246
952,169,7,-7,232
959,162,7,-7,218
966,155,7,-7,204
973,148,7,-7,190
980,141,7,-7,176
987,134,7,-7,162
994,127,7,-7,148
1001,120,7,-7,148
1008,113,7,-7,148
1015,106,7,-7,148
1022,99,7,-7,148
1029,92,7,-7,148
1036,85,7,-7,148
1043,78,7,-7,148
1050,71,7,-7,148
1057,64,7,-7,148
1064,57,7,-7,148
1071,50,7,-7,148
1078,43,7,-7,148
1085,36,7,-7,148
1085,36,7,7,148
1092,43,7,7,148
1099,50,7,7,148
1106,57,7,7,148
1113,64,7,7,148
1120,71,7,7,134
1127,78,7,7,120
1134,85,7,7,106
1141,92,7,7,92
1148,99,7,7,92
1155,106,7,7,92
1162,113,7,7,92
1162,113,-7,7,92
1155,120,-7,7,92
1148,127,-7,7,92
1141,134,-7,7,92
1134,141,-7,7,92
1127,148,-7,7,92
1120,155,-7,7,92
1113,162,-7,7,92
1106,169,-7,7,92
1099,176,-7,7,92
1092,183,-7,7,92
1085,190,-7,7,92
1078,197,-7,7,92
1071,204,-7,7,92
1064,211,-7,7,92
1057,218,-7,7,92
1050,225,-7,7,92
1043,232,-7,7,92
1036,239,-7,7,92
1029,246,-7,7,92
1022,253,-7,7,92
1015,260,-7,7,92
1008,267,-7,7,92
1001,274,-7,7,92
994,281,-7,7,92
987,288,-7,7,92
980,295,-7,7,92
973,302,-7,7,92
966,309,-7,7,92
959,316,-7,7,92
952,323,-7,7,92
945,330,-7,7,92
938,337,-7,7,92
931,344,-7,7,92
924,351,-7,7,92
917,358,-7,7,92
910,365,-7,7,92
903,372,-7,7,92
896,379,-7,7,92
889,386,-7,7,92
882,393,-7,7,92
875,400,-7,7,92
868,407,-7,7,92
861,414,-7,7,92
854,421,-7,7,92
847,428,-7,7,92
840,435,-7,7,92
833,442,-7,7,92
826,449,-7,7,92
819,456,-7,7,92
812,463,-7,7,92
805,470,-7,7,92
798,477,-7,7,92
791,484,-7,7,92
784,491,-7,7,92
777,498,-7,7,92
770,505,-7,7,92
763,512,-7,7,92
756,519,-7,7,92
749,526,-7,7,92
742,533,-7,7,92
735,540,-7,7,92
728,547,-7,7,92
721,554,-7,7,92
714,561,-7,7,92
707,568,-7,7,92
700,575,-7,7,92
693,582,-7,7,92
686,589,-7,7,92
679,596,-7,7,92
672,603,-7,7,92
665,610,-7,7,92
658,617,-7,7,92
651,624,-7,7,92
644,631,-7,7,92
637,638,-7,7,92
630,645,-7,7,92
623,652,-7,7,92
616,659,-7,7,92
609,666,-7,7,92
602,673,-7,7,92
595,680,-7,7,92
588,687,-7,7,92
581,694,-7,7,92
574,701,-7,7,92
567,708,-7,7,92
560,715,-7,7,92
553,722,-7,7,92
546,729,-7,7,92
539,736,-7,7,92
532,743,-7,7,92
525,750,-7,7,92
518,757,-7,7,92
511,764,-7,7,92
511,764,-7,-7,92
504,757,-7,-7,92
497,750,-7,-7,92
490,743,-7,-7,92
483,736,-7,-7,92
476,729,-7,-7,92
469,722,-7,-7,92
462,715,-7,-7,92
455,708,-7,-7,92
448,701,-7,-7,92
441,694,-7,-7,92
434,687,-7,-7,92
427,680,-7,-7,92
420,673,-7,-7,92
413,666,-7,-7,92
406,659,-7,-7,92
399,652,-7,-7,92
392,645,-7,-7,92
385,638,-7,-7,92
378,631,-7,-7,92
371,624,-7,-7,92
364,617,-7,-7,92
357,610,-7,-7,92
350,603,-7,-7,92
343,596,-7,-7,92
336,589,-7,-7,92
329,582,-7,-7,92
322,575,-7,-7,92
315,568,-7,-7,92
308,561,-7,-7,92
301,554,-7,-7,92
294,547,-7,-7,92
287,540,-7,-7,92
280,533,-7,-7,92
273,526,-7,-7,92
266,519,-7,-7,92
259,512,-7,-7,92
252,505,-7,-7,92
245,498,-7,-7,92
238,491,-7,-7,92
231,484,-7,-7,92
224,477,-7,-7,92
217,470,-7,-7,92
210,463,-7,-7,92
203,456,-7,-7,92
196,449,-7,-7,92
189,442,-7,-7,92
182,435,-7,-7,92
175,428,-7,-7,92
168,421,-7,-7,92
161,414,-7,-7,92
154,407,-7,-7,92
147,400,-7,-7,92
140,393,-7,-7,92
133,386,-7,-7,92
126,379,-7,-7,92
119,372,-7,-7,92
112,365,-7,-7,92
105,358,-7,-7,92
98,351,-7,-7,92
91,344,-7,-7,92
84,337,-7,-7,92
77,330,-7,-7,92
70,323,-7,-7,92
63,316,-7,-7,92
56,309,-7,-7,92
49,302,-7,-7,92
42,295,-7,-7,92
42,295,7,-7,92
49,288,7,-7,92
56,281,7,-7,92
63,274,7,-7,92
70,267,7,-7,92
77,260,7,-7,92
84,253,7,-7,92
91,246,7,-7,92
98,239,7,-7,92
105,232,7,-7,92
112,225,7,-7,92
119,218,7,-7,92
126,211,7,-7,92
133,204,7,-7,92
140,197,7,-7,92
147,190,7,-7,92
154,183,7,-7,92
161,176,7,-7,92
168,169,7,-7,92
175,162,7,-7,92
182,155,7,-7,92
189,148,7,-7,92
196,141,7,-7,92
203,134,7,-7,92
210,127,7,-7,92
217,120,7,-7,92
224,113,7,-7,92
231,106,7,-7,92
238,99,7,-7,92
245,92,7,-7,92
252,85,7,-7,92
259,78,7,-7,92
266,71,7,-7,92
273,64,7,-7,92
280,57,7,-7,92
287,50,7,-7,92
294,43,7,-7,92
301,36,7,-7,92
301,36,7,7,92
308,43,7,7,92
315,50,7,7,92
322,57,7,7,92
329,64,7,7,92
336,71,7,7,92
343,78,7,7,92
350,85,7,7,92
357,92,7,7,92
364,99,7,7,92
371,106,7,7,92
378,113,7,7,92
385,120,7,7,92
392,127,7,7,92
399,134,7,7,92
406,141,7,7,92
413,148,7,7,92
420,155,7,7,92
427,162,7,7,106
434,169,7,7,120
441,176,7,7,134
448,183,7,7,148
455,190,7,7,162
462,197,7,7,176
469,204,7,7,190
476,211,7,7,204
483,218,7,7,218
490,225,7,7,232
497,232,7,7,246
504,239,7,7,260
511,246,7,7,274
518,253,7,7,288
525,260,7,7,302
532,267,7,7,316
539,274,7,7,330
546,281,7,7,344
553,288,7,7,358
560,295,7,7,372
567,302,7,7,386
574,309,7,7,400
581,316,7,7,414
588,323,7,7,428
595,330,7,7,442
602,337,7,7,456
609,344,7,7,470
616,351,7,7,484
623,358,7,7,498
630,365,7,7,512
637,372,7,7,526
644,379,7,7,540
651,386,7,7,554
658,393,7,7,568
665,400,7,7,582
672,407,7,7,596
679,414,7,7,610
686,421,7,7,624
693,428,7,7,638
700,435,7,7,652
707,442,7,7,652
714,449,7,7,652
721,456,7,7,652
728,463,7,7,652
735,470,7,7,652
742,477,7,7,652
749,484,7,7,652
756,491,7,7,652
763,498,7,7,652
770,505,7,7,652
777,512,7,7,652
784,519,7,7,652
791,526,7,7,652
798,533,7,7,652
805,540,7,7,652
812,547,7,7,652
819,554,7,7,652
826,561,7,7,652
833,568,7,7,652
840,575,7,7,652
847,582,7,7,666
854,589,7,7,680
861,596,7,7,694
868,603,7,7,708
875,610,7,7,708
882,617,7,7,708
889,624,7,7,708
896,631,7,7,708
903,638,7,7,708
910,645,7,7,708
917,652,7,7,708
924,659,7,7,708
931,666,7,7,708
938,673,7,7,708
945,680,7,7,708
952,687,7,7,708
959,694,7,7,708
966,701,7,7,708
973,708,7,7,694
980,715,7,7,680
987,722,7,7,666
994,729,7,7,652
1001,736,7,7,652
1008,743,7,7,652
1015,750,7,7,652
1022,757,7,7,652
1029,764,7,7,652
1029,764,7,-7,652
1036,757,7,-7,652
1043,750,7,-7,652
1050,743,7,-7,652
1057,736,7,-7,652
1064,729,7,-7,652
1071,722,7,-7,652
1078,715,7,-7,652
1085,708,7,-7,652
1092,701,7,-7,652
1099,694,7,-7,652
1106,687,7,-7,652
1113,680,7,-7,652
1120,673,7,-7,652
1127,666,7,-7,652
1134,659,7,-7,652
1141,652,7,-7,652
1148,645,7,-7,652
1155,638,7,-7,652
1162,631,7,-7,652
1162,631,-7,-7,652
1155,624,-7,-7,652
1148,617,-7,-7,652
1141,610,-7,-7,652
1134,603,-7,-7,652
1127,596,-7,-7,652
1120,589,-7,-7,652
1113,582,-7,-7,652
1106,575,-7,-7,652
1099,568,-7,-7,652
1092,561,-7,-7,652
1085,554,-7,-7,652
1078,547,-7,-7,652
1071,540,-7,-7,652
1064,533,-7,-7,652
1057,526,-7,-7,652
1050,519,-7,-7,652
1043,512,-7,-7,652
1036,505,-7,-7,652
1029,498,-7,-7,652
1022,491,-7,-7,652
1015,484,-7,-7,652
1008,477,-7,-7,652
1001,470,-7,-7,652
994,463,-7,-7,652
987,456,-7,-7,652
980,449,-7,-7,638
973,442,-7,-7,624
966,435,-7,-7,610
959,428,-7,-7,596
952,421,-7,-7,582
945,414,-7,-7,568
938,407,-7,-7,554
931,400,-7,-7,540
924,393,-7,-7,526
917,386,-7,-7,512
910,379,-7,-7,498
903,372,-7,-7,484
896,365,-7,-7,484
889,358,-7,-7,484
882,351,-7,-7,484
875,344,-7,-7,484
868,337,-7,-7,484
861,330,-7,-7,484
854,323,-7,-7,484
847,316,-7,-7,484
840,309,-7,-7,484
833,302,-7,-7,484
826,295,-7,-7,484
819,288,-7,-7,470
812,281,-7,-7,456
805,274,-7,-7,442
798,267,-7,-7,428
791,260,-7,-7,414
784,253,-7,-7,400
777,246,-7,-7,386
770,239,-7,-7,386
763,232,-7,-7,386
756,225,-7,-7,386
749,218,-7,-7,386
742,211,-7,-7,386
735,204,-7,-7,386
728,197,-7,-7,386
721,190,-7,-7,386
714,183,-7,-7,386
707,176,-7,-7,386
700,169,-7,-7,386
693,162,-7,-7,386
686,155,-7,-7,386
679,148,-7,-7,386
672,141,-7,-7,386
665,134,-7,-7,386
658,127,-7,-7,386
651,120,-7,-7,386
644,113,-7,-7,386
637,106,-7,-7,386
630,99,-7,-7,386
623,92,-7,-7,372
616,85,-7,-7,358
609,78,-7,-7,344
602,71,-7,-7,330
595,64,-7,-7,316
588,57,-7,-7,316
581,50,-7,-7,316
574,43,-7,-7,316
567,36,-7,-7,316
567,36,-7,7,316
560,43,-7,7,316
553,50,-7,7,316
546,57,-7,7,316
539,64,-7,7,316
532,71,-7,7,316
525,78,-7,7,316
518,85,-7,7,316
511,92,-7,7,316
504,99,-7,7,316
497,106,-7,7,316
490,113,-7,7,316
483,120,-7,7,316
476,127,-7,7,316
469,134,-7,7,316
462,141,-7,7,316
455,148,-7,7,316
448,155,-7,7,316
441,162,-7,7,316
434,169,-7,7,316
427,176,-7,7,316
420,183,-7,7,316
413,190,-7,7,316
406,197,-7,7,316
399,204,-7,7,316
392,211,-7,7,316
385,218,-7,7,316
378,225,-7,7,316
371,232,-7,7,316
364,239,-7,7,316
357,246,-7,7,316
350,253,-7,7,316
343,260,-7,7,316
336,267,-7,7,316
329,274,-7,7,316
322,281,-7,7,316
315,288,-7,7,316
308,295,-7,7,316
301,302,-7,7,316
294,309,-7,7,316
287,316,-7,7,316
280,323,-7,7,316
273,330,-7,7,316
266,337,-7,7,316
259,344,-7,7,316
252,351,-7,7,316
245,358,-7,7,316
238,365,-7,7,316
231,372,-7,7,316
224,379,-7,7,316
217,386,-7,7,316
210,393,-7,7,316
203,400,-7,7,316
196,407,-7,7,316
189,414,-7,7,316
182,421,-7,7,316
175,428,-7,7,316
168,435,-7,7,316
161,442,-7,7,316
154,449,-7,7,316
147,456,-7,7,316
140,463,-7,7,316
133,470,-7,7,316
126,477,-7,7,316
119,484,-7,7,316
112,491,-7,7,316
105,498,-7,7,316
98,505,-7,7,316
91,512,-7,7,316
84,519,-7,7,316
77,526,-7,7,316
70,533,-7,7,316
63,540,-7,7,316
56,547,-7,7,316
49,554,-7,7,316
42,561,-7,7,316
42,561,7,7,316
49,568,7,7,316
56,575,7,7,316
63,582,7,7,316
70,589,7,7,316
77,596,7,7,316
84,603,7,7,316
91,610,7,7,316
98,617,7,7,316
105,624,7,7,316
112,631,7,7,316
119,638,7,7,316
126,645,7,7,316
133,652,7,7,316
140,659,7,7,316
147,666,7,7,316
154,673,7,7,316
161,680,7,7,316
168,687,7,7,316
175,694,7,7,316
182,701,7,7,316
189,708,7,7,316
196,715,7,7,316
203,722,7,7,316
210,729,7,7,316
217,736,7,7,316
224,743,7,7,316
231,750,7,7,316
238,757,7,7,316
245,764,7,7,316
245,764,7,-7,316
252,757,7,-7,316
259,750,7,-7,316
266,743,7,-7,316
273,736,7,-7,316
280,729,7,-7,316
287,722,7,-7,316
294,715,7,-7,316
301,708,7,-7,316
308,701,7,-7,316
315,694,7,-7,316
322,687,7,-7,316
329,680,7,-7,316
336,673,7,-7,316
343,666,7,-7,316
350,659,7,-7,316
357,652,7,-7,316
364,645,7,-7,316
371,638,7,-7,316
378,631,7,-7,316
385,624,7,-7,316
392,617,7,-7,316
399,610,7,-7,316
406,603,7,-7,316
413,596,7,-7,316
420,589,7,-7,316
427,582,7,-7,316
434,575,7,-7,316
441,568,7,-7,316
448,561,7,-7,316
455,554,7,-7,316
462,547,7,-7,316
469,540,7,-7,316
476,533,7,-7,316
483,526,7,-7,316
490,519,7,-7,316
497,512,7,-7,316
504,505,7,-7,316
511,498,7,-7,316
518,491,7,-7,316
525,484,7,-7,316
532,477,7,-7,316
539,470,7,-7,316
546,463,7,-7,316
553,456,7,-7,316
560,449,7,-7,316
567,442,7,-7,316
574,435,7,-7,316
581,428,7,-7,316
588,421,7,-7,316
595,414,7,-7,302
602,407,7,-7,288
609,400,7,-7,274
616,393,7,-7,260
623,386,7,-7,246
630,379,7,-7,232
637,372,7,-7,218
644,365,7,-7,204
651,358,7,-7,190
658,351,7,-7,176
665,344,7,-7,162
672,337,7,-7,162
679,330,7,-7,162
686,323,7,-7,162
693,316,7,-7,162
700,309,7,-7,162
707,302,7,-7,162
714,295,7,-7,162
721,288,7,-7,162
728,281,7,-7,162
735,274,7,-7,162
742,267,7,-7,162
749,260,7,-7,162
756,253,7,-7,162
763,246,7,-7,162
770,239,7,-7,162
777,232,7,-7,162
784,225,7,-7,162
791,218,7,-7,162
798,211,7,-7,162
805,204,7,-7,162
812,197,7,-7,162
819,190,7,-7,162
826,183,7,-7,162
833,176,7,-7,148
840,169,7,-7,134
847,162,7,-7,120
854,155,7,-7,106
861,148,7,-7,106
868,141,7,-7,106
875,134,7,-7,106
882,127,7,-7,106
889,120,7,-7,106
896,113,7,-7,106
903,106,7,-7,106
910,99,7,-7,106
917,92,7,-7,106
924,85,7,-7,106
931,78,7,-7,106
938,71,7,-7,106
945,64,7,-7,120
952,57,7,-7,134
959,50,7,-7,134
966,43,7,-7,134
973,36,7,-7,134
973,36,7,7,134
980,43,7,7,134
987,50,7,7,134
994,57,7,7,134
1001,64,7,7,134
1008,71,7,7,134
1015,78,7,7,134
1022,85,7,7,134
1029,92,7,7,134
1036,99,7,7,134
1043,106,7,7,134
1050,113,7,7,134
1057,120,7,7,134
1064,127,7,7,134
1071,134,7,7,134
1078,141,7,7,148
1085,148,7,7,162
1092,155,7,7,176
1099,162,7,7,190
1106,169,7,7,204
1113,176,7,7,218
1120,183,7,7,232
1127,190,7,7,232
1134,197,7,7,232
1141,204,7,7,232
1148,211,7,7,232
1155,218,7,7,232
1162,225,7,7,232
1162,225,-7,7,232
1155,232,-7,7,232
1148,239,-7,7,232
1141,246,-7,7,232
1134,253,-7,7,232
1127,260,-7,7,232
1120,267,-7,7,232
1113,274,-7,7,232
1106,281,-7,7,232
1099,288,-7,7,232
1092,295,-7,7,232
1085,302,-7,7,232
1078,309,-7,7,232
1071,316,-7,7,232
1064,323,-7,7,232
1057,330,-7,7,232
1050,337,-7,7,232
1043,344,-7,7,232
1036,351,-7,7,232
1029,358,-7,7,232
1022,365,-7,7,232
1015,372,-7,7,232
1008,379,-7,7,232
1001,386,-7,7,232
994,393,-7,7,232
987,400,-7,7,232
980,407,-7,7,232
973,414,-7,7,232
966,421,-7,7,232
959,428,-7,7,232
952,435,-7,7,232
945,442,-7,7,232
938,449,-7,7,232
931,456,-7,7,232
924,463,-7,7,232
917,470,-7,7,232
910,477,-7,7,232
903,484,-7,7,232
896,491,-7,7,232
889,498,-7,7,232
882,505,-7,7,232
875,512,-7,7,232
868,519,-7,7,232
861,526,-7,7,232
854,533,-7,7,232
847,540,-7,7,232
840,547,-7,7,232
833,554,-7,7,232
826,561,-7,7,232
819,568,-7,7,232
812,575,-7,7,232
805,582,-7,7,232
798,589,-7,7,232
791,596,-7,7,232
784,603,-7,7,232
777,610,-7,7,232
770,617,-7,7,232
763,624,-7,7,232
756,631,-7,7,232
749,638,-7,7,232
742,645,-7,7,232
735,652,-7,7,232
728,659,-7,7,232
721,666,-7,7,232
714,673,-7,7,232
707,680,-7,7,232
700,687,-7,7,232
693,694,-7,7,232
686,701,-7,7,232
679,708,-7,7,232
672,715,-7,7,232
665,722,-7,7,232
658,729,-7,7,232
651,736,-7,7,232
644,743,-7,7,232
637,750,-7,7,232
630,757,-7,7,232
623,764,-7,7,232
623,764,-7,-7,232
616,757,-7,-7,232
609,750,-7,-7,232
602,743,-7,-7,232
595,736,-7,-7,232
588,729,-7,-7,232
581,722,-7,-7,232
574,715,-7,-7,232
567,708,-7,-7,232
560,701,-7,-7,232
553,694,-7,-7,232
546,687,-7,-7,232
539,680,-7,-7,232
532,673,-7,-7,232
525,666,-7,-7,232
518,659,-7,-7,232
511,652,-7,-7,232
504,645,-7,-7,232
497,638,-7,-7,232
490,631,-7,-7,232
483,624,-7,-7,232
476,617,-7,-7,232
469,610,-7,-7,232
462,603,-7,-7,232
455,596,-7,-7,232
448,589,-7,-7,232
441,582,-7,-7,232
434,575,-7,-7,232
427,568,-7,-7,232
420,561,-7,-7,232
413,554,-7,-7,232
406,547,-7,-7,232
399,540,-7,-7,232
392,533,-7,-7,232
385,526,-7,-7,232
378,519,-7,-7,232
371,512,-7,-7,246
364,505,-7,-7,260
357,498,-7,-7,274
350,491,-7,-7,288
343,484,-7,-7,288
336,477,-7,-7,288
329,470,-7,-7,288
322,463,-7,-7,288
315,456,-7,-7,288
308,449,-7,-7,288
301,442,-7,-7,288
294,435,-7,-7,288
287,428,-7,-7,288
280,421,-7,-7,288
273,414,-7,-7,288
266,407,-7,-7,288
259,400,-7,-7,288
252,393,-7,-7,288
245,386,-7,-7,288
238,379,-7,-7,288
231,372,-7,-7,288
224,365,-7,-7,288
217,358,-7,-7,288
210,351,-7,-7,288
203,344,-7,-7,288
196,337,-7,-7,288
189,330,-7,-7,288
182,323,-7,-7,288
175,316,-7,-7,288
168,309,-7,-7,288
161,302,-7,-7,288
154,295,-7,-7,288
147,288,-7,-7,288
140,281,-7,-7,288
133,274,-7,-7,288
126,267,-7,-7,288
119,260,-7,-7,288
112,253,-7,-7,288
105,246,-7,-7,288
98,239,-7,-7,288
91,232,-7,-7,288
84,225,-7,-7,288
77,218,-7,-7,288
70,211,-7,-7,288
63,204,-7,-7,288
56,197,-7,-7,288
49,190,-7,-7,288
42,183,-7,-7,288
42,183,7,-7,288
49,176,7,-7,288
56,169,7,-7,288
63,162,7,-7,288
70,155,7,-7,288
77,148,7,-7,288
84,141,7,-7,288
91,134,7,-7,288
98,127,7,-7,288
105,120,7,-7,288
112,113,7,-7,288
119,106,7,-7,288
126,99,7,-7,288
133,92,7,-7,288
140,85,7,-7,288
147,78,7,-7,288
154,71,7,-7,288
161,64,7,-7,288
168,57,7,-7,288
175,50,7,-7,288
182,43,7,-7,288
189,36,7,-7,288
189,36,7,7,288
196,43,7,7,288
203,50,7,7,288
210,57,7,7,288
217,64,7,7,288
224,71,7,7,288
231,78,7,7,288
238,85,7,7,288
245,92,7,7,288
252,99,7,7,288
259,106,7,7,288
266,113,7,7,288
273,120,7,7,288
280,127,7,7,302
287,134,7,7,316
294,141,7,7,330
301,148,7,7,344
308,155,7,7,358
315,162,7,7,372
322,169,7,7,386
329,176,7,7,400
336,183,7,7,414
343,190,7,7,428
350,197,7,7,428
357,204,7,7,428
364,211,7,7,428
371,218,7,7,428
378,225,7,7,428
385,232,7,7,428
392,239,7,7,428
399,246,7,7,428
406,253,7,7,428
413,260,7,7,428
420,267,7,7,428
427,274,7,7,428
434,281,7,7,428
441,288,7,7,428
448,295,7,7,428
455,302,7,7,442
462,309,7,7,456
469,316,7,7,470
476,323,7,7,484
483,330,7,7,498
490,337,7,7,512
497,344,7,7,526
504,351,7,7,526
511,358,7,7,526
518,365,7,7,526
525,372,7,7,526
532,379,7,7,526
539,386,7,7,526
546,393,7,7,526
553,400,7,7,526
560,407,7,7,526
567,414,7,7,526
574,421,7,7,526
581,428,7,7,526
588,435,7,7,526
595,442,7,7,526
602,449,7,7,526
609,456,7,7,526
616,463,7,7,526
623,470,7,7,526
630,477,7,7,526
637,484,7,7,526
644,491,7,7,540
651,498,7,7,554
658,505,7,7,568
665,512,7,7,582
672,519,7,7,596
679,526,7,7,610
686,533,7,7,610
693,540,7,7,610
700,547,7,7,610
707,554,7,7,610
714,561,7,7,610
721,568,7,7,610
728,575,7,7,610
735,582,7,7,610
742,589,7,7,610
749,596,7,7,610
756,603,7,7,610
763,610,7,7,610
770,617,7,7,610
777,624,7,7,610
784,631,7,7,610
791,638,7,7,610
798,645,7,7,610
805,652,7,7,610
812,659,7,7,610
819,666,7,7,610
826,673,7,7,610
833,680,7,7,610
840,687,7,7,610
847,694,7,7,610
854,701,7,7,610
861,708,7,7,610
868,715,7,7,610
875,722,7,7,610
882,729,7,7,610
889,736,7,7,610
896,743,7,7,610
903,750,7,7,610
910,757,7,7,610
917,764,7,7,610
917,764,7,-7,610
924,757,7,-7,610
931,750,7,-7,610
938,743,7,-7,610
945,736,7,-7,610
952,729,7,-7,610
959,722,7,-7,610
966,715,7,-7,610
973,708,7,-7,610
980,701,7,-7,610
987,694,7,-7,610
994,687,7,-7,610
1001,680,7,-7,610
1008,673,7,-7,610
1015,666,7,-7,610
1022,659,7,-7,610
1029,652,7,-7,610
1036,645,7,-7,596
1043,638,7,-7,582
1050,631,7,-7,568
1057,624,7,-7,554
1064,617,7,-7,540
1071,610,7,-7,540
1078,603,7,-7,540
1085,596,7,-7,540
1092,589,7,-7,540
1099,582,7,-7,540
1106,575,7,-7,540
1113,568,7,-7,540
1120,561,7,-7,540
1127,554,7,-7,540
1134,547,7,-7,540
1141,540,7,-7,540
1148,533,7,-7,540
1155,526,7,-7,540
1162,519,7,-7,540
1162,519,-7,-7,540
1155,512,-7,-7,526
1148,505,-7,-7,512
1141,498,-7,-7,498
1134,491,-7,-7,498
1127,484,-7,-7,498
1120,477,-7,-7,498
1113,470,-7,-7,498
1106,463,-7,-7,498
1099,456,-7,-7,498
1092,449,-7,-7,498
1085,442,-7,-7,498
1078,435,-7,-7,498
1071,428,-7,-7,498
1064,421,-7,-7,498
1057,414,-7,-7,498
1050,407,-7,-7,498
1043,400,-7,-7,498
1036,393,-7,-7,498
1029,386,-7,-7,498
1022,379,-7,-7,498
1015,372,-7,-7,498
1008,365,-7,-7,498
1001,358,-7,-7,498
994,351,-7,-7,498
987,344,-7,-7,498
980,337,-7,-7,498
973,330,-7,-7,498
966,323,-7,-7,498
959,316,-7,-7,498
952,309,-7,-7,498
945,302,-7,-7,498
938,295,-7,-7,498
931,288,-7,-7,498
924,281,-7,-7,498
917,274,-7,-7,498
910,267,-7,-7,498
903,260,-7,-7,498
896,253,-7,-7,498
889,246,-7,-7,498
882,239,-7,-7,498
875,232,-7,-7,498
868,225,-7,-7,498
861,218,-7,-7,498
854,211,-7,-7,498
847,204,-7,-7,498
840,197,-7,-7,498
833,190,-7,-7,498
826,183,-7,-7,498
819,176,-7,-7,498
812,169,-7,-7,498
805,162,-7,-7,498
798,155,-7,-7,498
791,148,-7,-7,498
784,141,-7,-7,498
777,134,-7,-7,498
770,127,-7,-7,498
763,120,-7,-7,498
756,113,-7,-7,498
749,106,-7,-7,498
742,99,-7,-7,498
735,92,-7,-7,498
728,85,-7,-7,498
721,78,-7,-7,498
714,71,-7,-7,498
707,64,-7,-7,498
700,57,-7,-7,498
693,50,-7,-7,498
686,43,-7,-7,498
679,36,-7,-7,498
679,36,-7,7,498
672,43,-7,7,498
665,50,-7,7,498
658,57,-7,7,498
651,64,-7,7,498
644,71,-7,7,498
637,78,-7,7,498
630,85,-7,7,498
623,92,-7,7,498
616,99,-7,7,498
609,106,-7,7,498
602,113,-7,7,498
595,120,-7,7,498
588,127,-7,7,498
581,134,-7,7,498
574,141,-7,7,498
567,148,-7,7,498
560,155,-7,7,498
553,162,-7,7,498
546,169,-7,7,498
539,176,-7,7,498
532,183,-7,7,498
525,190,-7,7,498
518,197,-7,7,498
511,204,-7,7,498
504,211,-7,7,498
497,218,-7,7,498
490,225,-7,7,498
483,232,-7,7,498
476,239,-7,7,498
469,246,-7,7,498
462,253,-7,7,498
455,260,-7,7,498
448,267,-7,7,498
441,274,-7,7,498
434,281,-7,7,498
427,288,-7,7,498
420,295,-7,7,498
413,302,-7,7,498
406,309,-7,7,498
399,316,-7,7,498
392,323,-7,7,498
385,330,-7,7,498
378,337,-7,7,498
371,344,-7,7,498
364,351,-7,7,498
357,358,-7,7,498
350,365,-7,7,498
343,372,-7,7,498
336,379,-7,7,498
329,386,-7,7,498
322,393,-7,7,498
315,400,-7,7,498
308,407,-7,7,498
301,414,-7,7,498
294,421,-7,7,498
287,428,-7,7,498
280,435,-7,7,498
273,442,-7,7,498
266,449,-7,7,498
259,456,-7,7,498
252,463,-7,7,498
245,470,-7,7,498
238,477,-7,7,498
231,484,-7,7,498
224,491,-7,7,498
217,498,-7,7,498
210,505,-7,7,498
203,512,-7,7,498
196,519,-7,7,498
189,526,-7,7,498
182,533,-7,7,498
175,540,-7,7,498
168,547,-7,7,498
161,554,-7,7,498
154,561,-7,7,498
147,568,-7,7,498
140,575,-7,7,498
133,582,-7,7,498
126,589,-7,7,498
119,596,-7,7,498
112,603,-7,7,498
105,610,-7,7,498
98,617,-7,7,498
91,624,-7,7,498
84,631,-7,7,498
77,638,-7,7,498
70,645,-7,7,498
63,652,-7,7,498
56,659,-7,7,498
49,666,-7,7,498
42,673,-7,7,498
42,673,7,7,498
49,680,7,7,498
56,687,7,7,498
63,694,7,7,498
70,701,7,7,498
77,708,7,7,498
84,715,7,7,498
91,722,7,7,498
98,729,7,7,498
105,736,7,7,498
112,743,7,7,498
119,750,7,7,498
126,757,7,7,498
133,764,7,7,498
133,764,7,-7,498
140,757,7,-7,498
147,750,7,-7,498
154,743,7,-7,498
161,736,7,-7,498
168,729,7,-7,498
175,722,7,-7,498
182,715,7,-7,498
189,708,7,-7,498
196,701,7,-7,498
203,694,7,-7,498
210,687,7,-7,498
217,680,7,-7,498
224,673,7,-7,498
231,666,7,-7,498
238,659,7,-7,498
245,652,7,-7,498
252,645,7,-7,498
259,638,7,-7,498
266,631,7,-7,498
273,624,7,-7,498
280,617,7,-7,498
287,610,7,-7,498
294,603,7,-7,498
301,596,7,-7,498
308,589,7,-7,498
315,582,7,-7,498
322,575,7,-7,498
329,568,7,-7,498
336,561,7,-7,498
343,554,7,-7,498
350,547,7,-7,498
357,540,7,-7,498
364,533,7,-7,484
371,526,7,-7,470
378,519,7,-7,456
385,512,7,-7,442
392,505,7,-7,428
399,498,7,-7,414
406,491,7,-7,400
413,484,7,-7,386
420,477,7,-7,372
427,470,7,-7,358
434,463,7,-7,358
441,456,7,-7,358
448,449,7,-7,358
455,442,7,-7,358
462,435,7,-7,358
469,428,7,-7,358
476,421,7,-7,358
483,414,7,-7,358
490,407,7,-7,358
497,400,7,-7,358
504,393,7,-7,358
511,386,7,-7,358
518,379,7,-7,358
525,372,7,-7,358
532,365,7,-7,358
539,358,7,-7,358
546,351,7,-7,358
553,344,7,-7,358
560,337,7,-7,358
567,330,7,-7,358
574,323,7,-7,358
581,316,7,-7,358
588,309,7,-7,358
595,302,7,-7,358
602,295,7,-7,358
609,288,7,-7,358
616,281,7,-7,358
623,274,7,-7,358
630,267,7,-7,358
637,260,7,-7,358
644,253,7,-7,358
651,246,7,-7,358
658,239,7,-7,358
665,232,7,-7,358
672,225,7,-7,358
679,218,7,-7,358
686,211,7,-7,358
693,204,7,-7,358
700,197,7,-7,358
707,190,7,-7,358
714,183,7,-7,358
721,176,7,-7,358
728,169,7,-7,358
735,162,7,-7,358
742,155,7,-7,358
749,148,7,-7,358
756,141,7,-7,358
763,134,7,-7,358
770,127,7,-7,358
777,120,7,-7,358
784,113,7,-7,358
791,106,7,-7,358
798,99,7,-7,358
805,92,7,-7,358
812,85,7,-7,358
819,78,7,-7,358
826,71,7,-7,344
833,64,7,-7,330
840,57,7,-7,316
847,50,7,-7,302
854,43,7,-7,288
861,36,7,-7,274
861,36,7,7,260
868,43,7,7,246
875,50,7,7,246
882,57,7,7,246
889,64,7,7,246
896,71,7,7,246
903,78,7,7,246
910,85,7,7,246
917,92,7,7,246
924,99,7,7,246
931,106,7,7,246
938,113,7,7,246
945,120,7,7,246
952,127,7,7,246
959,134,7,7,246
966,141,7,7,246
973,148,7,7,246
980,155,7,7,246
987,162,7,7,246
994,169,7,7,246
1001,176,7,7,246
1008,183,7,7,246
1015,190,7,7,246
1022,197,7,7,246
1029,204,7,7,246
1036,211,7,7,246
1043,218,7,7,246
1050,225,7,7,246
1057,232,7,7,260
1064,239,7,7,274
1071,246,7,7,288
1078,253,7,7,302
1085,260,7,7,302
1092,267,7,7,302
1099,274,7,7,302
1106,281,7,7,302
1113,288,7,7,302
1120,295,7,7,302
1127,302,7,7,302
1134,309,7,7,302
1141,316,7,7,302
1148,323,7,7,302
1155,330,7,7,302
1162,337,7,7,316
1162,337,-7,7,330
1155,344,-7,7,344
1148,351,-7,7,358
1141,358,-7,7,358
1134,365,-7,7,358
1127,372,-7,7,358
1120,379,-7,7,358
1113,386,-7,7,358
1106,393,-7,7,358
1099,400,-7,7,358
1092,407,-7,7,358
1085,414,-7,7,358
1078,421,-7,7,358
1071,428,-7,7,358
1064,435,-7,7,358
1057,442,-7,7,358
1050,449,-7,7,358
1043,456,-7,7,358
1036,463,-7,7,358
1029,470,-7,7,358
1022,477,-7,7,358
1015,484,-7,7,358
1008,491,-7,7,358
1001,498,-7,7,358
994,505,-7,7,358
987,512,-7,7,358
980,519,-7,7,358
973,526,-7,7,358
966,533,-7,7,358
959,540,-7,7,358
952,547,-7,7,358
945,554,-7,7,358
938,561,-7,7,358
931,568,-7,7,358
924,575,-7,7,358
917,582,-7,7,358
910,589,-7,7,358
903,596,-7,7,358
896,603,-7,7,358
889,610,-7,7,358
882,617,-7,7,358
875,624,-7,7,358
868,631,-7,7,358
861,638,-7,7,358
854,645,-7,7,358
847,652,-7,7,358
840,659,-7,7,358
833,666,-7,7,358
826,673,-7,7,358
819,680,-7,7,358
812,687,-7,7,358
805,694,-7,7,358
798,701,-7,7,358
791,708,-7,7,358
784,715,-7,7,358
777,722,-7,7,358
770,729,-7,7,358
763,736,-7,7,358
756,743,-7,7,358
749,750,-7,7,358
742,757,-7,7,358
735,764,-7,7,358
735,764,-7,-7,358
728,757,-7,-7,358
721,750,-7,-7,358
714,743,-7,-7,358
707,736,-7,-7,358
700,729,-7,-7,358
693,722,-7,-7,358
686,715,-7,-7,358
679,708,-7,-7,358
672,701,-7,-7,358
665,694,-7,-7,358
658,687,-7,-7,358
651,680,-7,-7,358
644,673,-7,-7,358
637,666,-7,-7,358
630,659,-7,-7,358
623,652,-7,-7,358
616,645,-7,-7,358
609,638,-7,-7,358
602,631,-7,-7,358
595,624,-7,-7,358
588,617,-7,-7,358
581,610,-7,-7,358
574,603,-7,-7,358
567,596,-7,-7,358
560,589,-7,-7,358
553,582,-7,-7,358
546,575,-7,-7,358
539,568,-7,-7,358
532,561,-7,-7,358
525,554,-7,-7,358
518,547,-7,-7,358
511,540,-7,-7,358
504,533,-7,-7,358
497,526,-7,-7,358
490,519,-7,-7,358
483,512,-7,-7,358
476,505,-7,-7,358
469,498,-7,-7,358
462,491,-7,-7,358
455,484,-7,-7,358
448,477,-7,-7,358
441,470,-7,-7,358
434,463,-7,-7,358
427,456,-7,-7,358
420,449,-7,-7,358
413,442,-7,-7,358
406,435,-7,-7,358
399,428,-7,-7,358
392,421,-7,-7,358
385,414,-7,-7,358
378,407,-7,-7,358
371,400,-7,-7,358
364,393,-7,-7,358
357,386,-7,-7,358
350,379,-7,-7,358
343,372,-7,-7,358
336,365,-7,-7,358
329,358,-7,-7,358
322,351,-7,-7,358
315,344,-7,-7,358
308,337,-7,-7,358
301,330,-7,-7,358
294,323,-7,-7,358
287,316,-7,-7,358
280,309,-7,-7,358
273,302,-7,-7,358
266,295,-7,-7,358
259,288,-7,-7,358
252,281,-7,-7,358
245,274,-7,-7,358
238,267,-7,-7,358
231,260,-7,-7,358
224,253,-7,-7,358
217,246,-7,-7,358
210,239,-7,-7,358
203,232,-7,-7,358
196,225,-7,-7,358
189,218,-7,-7,358
182,211,-7,-7,358
175,204,-7,-7,358
168,197,-7,-7,358
161,190,-7,-7,358
154,183,-7,-7,358
147,176,-7,-7,358
140,169,-7,-7,358
133,162,-7,-7,358
126,155,-7,-7,358
119,148,-7,-7,358
112,141,-7,-7,358
105,134,-7,-7,358
98,127,-7,-7,358
91,120,-7,-7,358
84,113,-7,-7,358
77,106,-7,-7,358
70,99,-7,-7,358
63,92,-7,-7,358
56,85,-7,-7,358
49,78,-7,-7,358
42,71,-7,-7,358
42,71,7,-7,358
49,64,7,-7,358
56,57,7,-7,358
63,50,7,-7,358
70,43,7,-7,358
77,36,7,-7,358
77,36,7,7,358
84,43,7,7,358
91,50,7,7,358
98,57,7,7,358
105,64,7,7,358
112,71,7,7,358
119,78,7,7,358
126,85,7,7,358
133,92,7,7,358
140,99,7,7,358
147,106,7,7,358
154,113,7,7,358
161,120,7,7,358
168,127,7,7,358
175,134,7,7,358
182,141,7,7,358
189,148,7,7,358
196,155,7,7,358
203,162,7,7,358
210,169,7,7,358
217,176,7,7,358
224,183,7,7,358
231,190,7,7,358
238,197,7,7,358
245,204,7,7,358
252,211,7,7,358
259,218,7,7,358
266,225,7,7,358
273,232,7,7,358
280,239,7,7,358
287,246,7,7,358
294,253,7,7,358
301,260,7,7,358
308,267,7,7,358
315,274,7,7,358
322,281,7,7,358
329,288,7,7,358
336,295,7,7,358
343,302,7,7,358
350,309,7,7,358
357,316,7,7,358
364,323,7,7,358
371,330,7,7,358
378,337,7,7,358
385,344,7,7,358
392,351,7,7,358
399,358,7,7,358
406,365,7,7,358
413,372,7,7,358
420,379,7,7,358
427,386,7,7,358
434,393,7,7,358
441,400,7,7,358
448,407,7,7,358
455,414,7,7,358
462,421,7,7,358
469,428,7,7,358
476,435,7,7,358
483,442,7,7,358
490,449,7,7,358
497,456,7,7,358
504,463,7,7,358
511,470,7,7,358
518,477,7,7,358
525,484,7,7,358
532,491,7,7,358
539,498,7,7,358
546,505,7,7,358
553,512,7,7,358
560,519,7,7,358
567,526,7,7,358
574,533,7,7,358
581,540,7,7,358
588,547,7,7,358
595,554,7,7,358
602,561,7,7,358
609,568,7,7,372
616,575,7,7,386
623,582,7,7,400
630,589,7,7,400
637,596,7,7,400
644,603,7,7,400
651,610,7,7,400
658,617,7,7,400
665,624,7,7,400
672,631,7,7,400
679,638,7,7,400
686,645,7,7,400
693,652,7,7,400
700,659,7,7,400
707,666,7,7,400
714,673,7,7,400
721,680,7,7,400
728,687,7,7,400
735,694,7,7,400
742,701,7,7,400
749,708,7,7,400
756,715,7,7,400
763,722,7,7,400
770,729,7,7,400
777,736,7,7,400
784,743,7,7,400
791,750,7,7,400
798,757,7,7,400
