x,y,vx,vy,PaddlePC.y
1141,386,-7,-7,400
1134,379,-7,-7,400
1127,372,-7,-7,400
1120,365,-7,-7,400
1113,358,-7,-7,400
1106,351,-7,-7,400
1099,344,-7,-7,400
1092,337,-7,-7,400
1085,330,-7,-7,400
1078,323,-7,-7,400
1071,316,-7,-7,400
1064,309,-7,-7,400
1057,302,-7,-7,400
1050,295,-7,-7,400
1043,288,-7,-7,400
1036,281,-7,-7,400
1029,274,-7,-7,400
1022,267,-7,-7,400
1015,260,-7,-7,400
1008,253,-7,-7,400
1001,246,-7,-7,400
994,239,-7,-7,400
987,232,-7,-7,400
980,225,-7,-7,400
973,218,-7,-7,400
966,211,-7,-7,400
959,204,-7,-7,400
952,197,-7,-7,400
945,190,-7,-7,400
938,183,-7,-7,400
931,176,-7,-7,400
924,169,-7,-7,400
917,162,-7,-7,400
910,155,-7,-7,400
903,148,-7,-7,400
896,141,-7,-7,400
889,134,-7,-7,400
882,127,-7,-7,400
875,120,-7,-7,400
868,113,-7,-7,400
861,106,-7,-7,400
854,99,-7,-7,400
847,92,-7,-7,400
840,85,-7,-7,400
833,78,-7,-7,400
826,71,-7,-7,400
819,64,-7,-7,400
812,57,-7,-7,400
805,50,-7,-7,400
798,43,-7,-7,400
791,36,-7,-7,400
791,36,-7,7,400
784,43,-7,7,400
777,50,-7,7,400
770,57,-7,7,400
763,64,-7,7,400
756,71,-7,7,400
749,78,-7,7,386
742,85,-7,7,372
735,92,-7,7,358
728,99,-7,7,344
721,106,-7,7,330
714,113,-7,7,316
707,120,-7,7,302
700,127,-7,7,302
693,134,-7,7,302
686,141,-7,7,302
679,148,-7,7,302
672,155,-7,7,302
665,162,-7,7,302
658,169,-7,7,302
651,176,-7,7,302
644,183,-7,7,302
637,190,-7,7,302
630,197,-7,7,316
623,204,-7,7,330
616,211,-7,7,344
609,218,-7,7,358
602,225,-7,7,372
595,232,-7,7,386
588,239,-7,7,400
581,246,-7,7,414
574,253,-7,7,428
567,260,-7,7,428
560,267,-7,7,428
553,274,-7,7,428
546,281,-7,7,428
539,288,-7,7,428
532,295,-7,7,428
525,302,-7,7,428
518,309,-7,7,428
511,316,-7,7,428
504,323,-7,7,428
497,330,-7,7,428
490,337,-7,7,428
483,344,-7,7,428
476,351,-7,7,428
469,358,-7,7,428
462,365,-7,7,428
455,372,-7,7,428
448,379,-7,7,428
441,386,-7,7,428
434,393,-7,7,428
427,400,-7,7,442
420,407,-7,7,456
413,414,-7,7,470
406,421,-7,7,484
399,428,-7,7,498
392,435,-7,7,512
385,442,-7,7,526
378,449,-7,7,540
371,456,-7,7,554
364,463,-7,7,568
357,470,-7,7,568
350,477,-7,7,568
343,484,-7,7,568
336,491,-7,7,568
329,498,-7,7,568
322,505,-7,7,568
315,512,-7,7,568
308,519,-7,7,568
301,526,-7,7,568
294,533,-7,7,568
287,540,-7,7,568
280,547,-7,7,568
273,554,-7,7,568
266,561,-7,7,568
259,568,-7,7,582
252,575,-7,7,596
245,582,-7,7,610
238,589,-7,7,624
231,596,-7,7,638
224,603,-7,7,652
217,610,-7,7,652
210,617,-7,7,652
203,624,-7,7,652
196,631,-7,7,652
189,638,-7,7,652
182,645,-7,7,652
175,652,-7,7,652
168,659,-7,7,652
161,666,-7,7,666
154,673,-7,7,680
147,680,-7,7,694
140,687,-7,7,708
133,694,-7,7,722
126,701,-7,7,722
119,708,-7,7,722
112,715,-7,7,722
105,722,-7,7,722
98,729,-7,7,722
91,736,-7,7,722
84,743,-7,7,722
77,750,-7,7,722
70,757,-7,7,722
63,764,-7,7,722
63,764,-7,-7,722
56,757,-7,-7,722
49,750,-7,-7,722
42,743,-7,-7,722
42,743,7,-7,722
49,736,7,-7,722
56,729,7,-7,722
63,722,7,-7,722
70,715,7,-7,722
77,708,7,-7,722
84,701,7,-7,722
91,694,7,-7,722
98,687,7,-7,722
105,680,7,-7,722
112,673,7,-7,722
119,666,7,-7,722
126,659,7,-7,722
133,652,7,-7,722
140,645,7,-7,722
147,638,7,-7,722
154,631,7,-7,722
161,624,7,-7,722
168,617,7,-7,722
175,610,7,-7,722
182,603,7,-7,722
189,596,7,-7,722
196,589,7,-7,722
203,582,7,-7,722
210,575,7,-7,722
217,568,7,-7,722
224,561,7,-7,722
231,554,7,-7,722
238,547,7,-7,722
245,540,7,-7,722
252,533,7,-7,722
259,526,7,-7,722
266,519,7,-7,722
273,512,7,-7,708
280,505,7,-7,694
287,498,7,-7,680
294,491,7,-7,666
301,484,7,-7,652
308,477,7,-7,638
315,470,7,-7,624
322,463,7,-7,610
329,456,7,-7,596
336,449,7,-7,582
343,442,7,-7,568
350,435,7,-7,554
357,428,7,-7,540
364,421,7,-7,526
371,414,7,-7,512
378,407,7,-7,498
385,400,7,-7,484
392,393,7,-7,470
399,386,7,-7,456
406,379,7,-7,442
413,372,7,-7,428
420,365,7,-7,414
427,358,7,-7,414
434,351,7,-7,414
441,344,7,-7,414
448,337,7,-7,414
455,330,7,-7,414
462,323,7,-7,414
469,316,7,-7,414
476,309,7,-7,414
483,302,7,-7,414
490,295,7,-7,414
497,288,7,-7,414
504,281,7,-7,414
511,274,7,-7,414
518,267,7,-7,414
525,260,7,-7,414
532,253,7,-7,414
539,246,7,-7,414
546,239,7,-7,414
553,232,7,-7,414
560,225,7,-7,414
567,218,7,-7,400
574,211,7,-7,386
581,204,7,-7,372
588,197,7,-7,358
595,190,7,-7,344
602,183,7,-7,344
609,176,7,-7,344
616,169,7,-7,344
623,162,7,-7,344
630,155,7,-7,344
637,148,7,-7,344
644,141,7,-7,344
651,134,7,-7,344
658,127,7,-7,344
665,120,7,-7,344
672,113,7,-7,344
679,106,7,-7,344
686,99,7,-7,344
693,92,7,-7,344
700,85,7,-7,344
707,78,7,-7,344
714,71,7,-7,344
721,64,7,-7,344
728,57,7,-7,344
735,50,7,-7,344
742,43,7,-7,344
749,36,7,-7,344
749,36,7,7,344
756,43,7,7,344
763,50,7,7,344
770,57,7,7,344
777,64,7,7,344
784,71,7,7,344
791,78,7,7,344
798,85,7,7,344
805,92,7,7,344
812,99,7,7,344
819,106,7,7,344
826,113,7,7,344
833,120,7,7,344
840,127,7,7,344
847,134,7,7,344
854,141,7,7,344
861,148,7,7,344
868,155,7,7,344
875,162,7,7,344
882,169,7,7,344
889,176,7,7,344
896,183,7,7,344
903,190,7,7,344
910,197,7,7,344
917,204,7,7,344
924,211,7,7,344
931,218,7,7,344
938,225,7,7,344
945,232,7,7,344
952,239,7,7,344
959,246,7,7,344
966,253,7,7,344
973,260,7,7,344
980,267,7,7,344
987,274,7,7,344
994,281,7,7,344
1001,288,7,7,344
1008,295,7,7,344
1015,302,7,7,344
1022,309,7,7,344
1029,316,7,7,344
1036,323,7,7,344
1043,330,7,7,344
1050,337,7,7,344
1057,344,7,7,344
1064,351,7,7,344
1071,358,7,7,344
1078,365,7,7,344
1085,372,7,7,344
1092,379,7,7,344
1099,386,7,7,344
1106,393,7,7,344
1113,400,7,7,344
1120,407,7,7,344
1127,414,7,7,344
1134,421,7,7,344
1141,428,7,7,344
1148,435,7,7,344
1155,442,7,7,344
1162,449,7,7,344
1169,456,7,7,344
1176,463,7,7,344
1176,463,-7,7,344
1169,470,-7,7,344
1162,477,-7,7,344
1155,484,-7,7,344
1148,491,-7,7,344
1141,498,-7,7,344
1134,505,-7,7,344
1127,512,-7,7,344
1120,519,-7,7,344
1113,526,-7,7,344
1106,533,-7,7,344
1099,540,-7,7,344
1092,547,-7,7,344
1085,554,-7,7,344
1078,561,-7,7,344
1071,568,-7,7,344
1064,575,-7,7,344
1057,582,-7,7,344
1050,589,-7,7,344
1043,596,-7,7,344
1036,603,-7,7,344
1029,610,-7,7,344
1022,617,-7,7,344
1015,624,-7,7,344
1008,631,-7,7,344
1001,638,-7,7,344
994,645,-7,7,344
987,652,-7,7,344
980,659,-7,7,344
973,666,-7,7,344
966,673,-7,7,344
959,680,-7,7,344
952,687,-7,7,344
945,694,-7,7,344
938,701,-7,7,344
931,708,-7,7,344
924,715,-7,7,344
917,722,-7,7,344
910,729,-7,7,344
903,736,-7,7,344
896,743,-7,7,344
889,750,-7,7,344
882,757,-7,7,344
875,764,-7,7,344
875,764,-7,-7,344
868,757,-7,-7,344
861,750,-7,-7,344
854,743,-7,-7,344
847,736,-7,-7,344
840,729,-7,-7,344
833,722,-7,-7,344
826,715,-7,-7,344
819,708,-7,-7,344
812,701,-7,-7,344
805,694,-7,-7,344
798,687,-7,-7,344
791,680,-7,-7,344
784,673,-7,-7,344
777,666,-7,-7,344
770,659,-7,-7,344
763,652,-7,-7,344
756,645,-7,-7,344
749,638,-7,-7,344
742,631,-7,-7,344
735,624,-7,-7,344
728,617,-7,-7,344
721,610,-7,-7,344
714,603,-7,-7,344
707,596,-7,-7,344
700,589,-7,-7,344
693,582,-7,-7,344
686,575,-7,-7,344
679,568,-7,-7,344
672,561,-7,-7,344
665,554,-7,-7,344
658,547,-7,-7,344
651,540,-7,-7,344
644,533,-7,-7,344
637,526,-7,-7,344
630,519,-7,-7,344
623,512,-7,-7,344
616,505,-7,-7,344
609,498,-7,-7,344
602,491,-7,-7,344
595,484,-7,-7,344
588,477,-7,-7,344
581,470,-7,-7,344
574,463,-7,-7,344
567,456,-7,-7,344
560,449,-7,-7,344
553,442,-7,-7,344
546,435,-7,-7,344
539,428,-7,-7,344
532,421,-7,-7,344
525,414,-7,-7,344
518,407,-7,-7,344
511,400,-7,-7,344
504,393,-7,-7,344
497,386,-7,-7,344
490,379,-7,-7,344
483,372,-7,-7,344
476,365,-7,-7,344
469,358,-7,-7,344
462,351,-7,-7,344
455,344,-7,-7,344
448,337,-7,-7,330
441,330,-7,-7,316
434,323,-7,-7,302
427,316,-7,-7,288
420,309,-7,-7,274
413,302,-7,-7,260
406,295,-7,-7,246
399,288,-7,-7,232
392,281,-7,-7,218
385,274,-7,-7,204
378,267,-7,-7,190
371,260,-7,-7,176
364,253,-7,-7,176
357,246,-7,-7,176
350,239,-7,-7,176
343,232,-7,-7,176
336,225,-7,-7,176
329,218,-7,-7,176
322,211,-7,-7,176
315,204,-7,-7,176
308,197,-7,-7,176
301,190,-7,-7,176
294,183,-7,-7,176
287,176,-7,-7,176
280,169,-7,-7,176
273,162,-7,-7,176
266,155,-7,-7,176
259,148,-7,-7,176
252,141,-7,-7,176
245,134,-7,-7,176
238,127,-7,-7,176
231,120,-7,-7,176
224,113,-7,-7,176
217,106,-7,-7,176
210,99,-7,-7,176
203,92,-7,-7,176
196,85,-7,-7,176
189,78,-7,-7,176
182,71,-7,-7,176
175,64,-7,-7,176
168,57,-7,-7,176
161,50,-7,-7,176
154,43,-7,-7,176
147,36,-7,-7,176
147,36,-7,7,176
140,43,-7,7,176
133,50,-7,7,176
126,57,-7,7,176
119,64,-7,7,176
112,71,-7,7,176
105,78,-7,7,176
98,85,-7,7,176
91,92,-7,7,176
84,99,-7,7,176
77,106,-7,7,176
70,113,-7,7,176
63,120,-7,7,176
56,127,-7,7,176
49,134,-7,7,176
42,141,-7,7,176
42,141,7,7,176
49,148,7,7,176
56,155,7,7,176
63,162,7,7,176
70,169,7,7,176
77,176,7,7,176
84,183,7,7,176
91,190,7,7,176
98,197,7,7,176
105,204,7,7,176
112,211,7,7,176
119,218,7,7,176
126,225,7,7,176
133,232,7,7,176
140,239,7,7,176
147,246,7,7,176
154,253,7,7,176
161,260,7,7,176
168,267,7,7,176
175,274,7,7,176
182,281,7,7,176
189,288,7,7,176
196,295,7,7,176
203,302,7,7,176
210,309,7,7,176
217,316,7,7,176
224,323,7,7,176
231,330,7,7,176
238,337,7,7,176
245,344,7,7,176
252,351,7,7,176
259,358,7,7,176
266,365,7,7,176
273,372,7,7,176
280,379,7,7,176
287,386,7,7,176
294,393,7,7,176
301,400,7,7,176
308,407,7,7,176
315,414,7,7,176
322,421,7,7,176
329,428,7,7,176
336,435,7,7,176
343,442,7,7,176
350,449,7,7,176
357,456,7,7,176
364,463,7,7,176
371,470,7,7,176
378,477,7,7,176
385,484,7,7,176
392,491,7,7,176
399,498,7,7,176
406,505,7,7,176
413,512,7,7,176
420,519,7,7,176
427,526,7,7,176
434,533,7,7,176
441,540,7,7,176
448,547,7,7,176
455,554,7,7,176
462,561,7,7,176
469,568,7,7,176
476,575,7,7,176
483,582,7,7,176
490,589,7,7,176
497,596,7,7,176
504,603,7,7,176
511,610,7,7,176
518,617,7,7,176
525,624,7,7,176
532,631,7,7,176
539,638,7,7,176
546,645,7,7,176
553,652,7,7,176
560,659,7,7,176
567,666,7,7,176
574,673,7,7,176
581,680,7,7,176
588,687,7,7,176
595,694,7,7,176
602,701,7,7,176
609,708,7,7,176
616,715,7,7,176
623,722,7,7,176
630,729,7,7,176
637,736,7,7,176
644,743,7,7,176
651,750,7,7,176
658,757,7,7,176
665,764,7,7,176
665,764,7,-7,176
672,757,7,-7,176
679,750,7,-7,176
686,743,7,-7,176
693,736,7,-7,176
700,729,7,-7,176
707,722,7,-7,176
714,715,7,-7,176
721,708,7,-7,176
728,701,7,-7,176
735,694,7,-7,176
742,687,7,-7,176
749,680,7,-7,176
756,673,7,-7,176
763,666,7,-7,176
770,659,7,-7,176
777,652,7,-7,176
784,645,7,-7,176
791,638,7,-7,176
798,631,7,-7,176
805,624,7,-7,176
812,617,7,-7,176
819,610,7,-7,176
826,603,7,-7,176
833,596,7,-7,176
840,589,7,-7,176
847,582,7,-7,176
854,575,7,-7,176
861,568,7,-7,176
868,561,7,-7,176
875,554,7,-7,176
882,547,7,-7,176
889,540,7,-7,176
896,533,7,-7,176
903,526,7,-7,176
910,519,7,-7,176
917,512,7,-7,176
924,505,7,-7,176
931,498,7,-7,176
938,491,7,-7,176
945,484,7,-7,176
952,477,7,-7,176
959,470,7,-7,176
966,463,7,-7,176
973,456,7,-7,176
980,449,7,-7,176
987,442,7,-7,176
994,435,7,-7,176
1001,428,7,-7,176
1008,421,7,-7,176
1015,414,7,-7,176
1022,407,7,-7,176
1029,400,7,-7,176
1036,393,7,-7,176
1043,386,7,-7,176
1050,379,7,-7,176
1057,372,7,-7,176
1064,365,7,-7,176
1071,358,7,-7,176
1078,351,7,-7,176
1085,344,7,-7,176
1092,337,7,-7,176
1099,330,7,-7,176
1106,323,7,-7,176
1113,316,7,-7,176
1120,309,7,-7,176
1127,302,7,-7,176
1134,295,7,-7,176
1141,288,7,-7,176
1148,281,7,-7,176
1155,274,7,-7,176
1162,267,7,-7,176
1169,260,7,-7,176
1176,253,7,-7,176
1176,253,-7,-7,176
1169,246,-7,-7,176
1162,239,-7,-7,176
1155,232,-7,-7,176
1148,225,-7,-7,176
1141,218,-7,-7,176
1134,211,-7,-7,176
1127,204,-7,-7,176
1120,197,-7,-7,176
1113,190,-7,-7,176
1106,183,-7,-7,176
1099,176,-7,-7,176
1092,169,-7,-7,176
1085,162,-7,-7,176
1078,155,-7,-7,176
1071,148,-7,-7,176
1064,141,-7,-7,176
1057,134,-7,-7,176
1050,127,-7,-7,176
1043,120,-7,-7,176
1036,113,-7,-7,176
1029,106,-7,-7,176
1022,99,-7,-7,176
1015,92,-7,-7,176
1008,85,-7,-7,176
1001,78,-7,-7,176
994,71,-7,-7,176
987,64,-7,-7,176
980,57,-7,-7,176
973,50,-7,-7,176
966,43,-7,-7,176
959,36,-7,-7,176
959,36,-7,7,176
952,43,-7,7,176
945,50,-7,7,176
938,57,-7,7,176
931,64,-7,7,176
924,71,-7,7,176
917,78,-7,7,176
910,85,-7,7,176
903,92,-7,7,176
896,99,-7,7,176
889,106,-7,7,176
882,113,-7,7,176
875,120,-7,7,176
868,127,-7,7,176
861,134,-7,7,176
854,141,-7,7,176
847,148,-7,7,176
840,155,-7,7,176
833,162,-7,7,176
826,169,-7,7,176
819,176,-7,7,176
812,183,-7,7,176
805,190,-7,7,176
798,197,-7,7,176
791,204,-7,7,190
784,211,-7,7,204
777,218,-7,7,204
770,225,-7,7,204
763,232,-7,7,204
756,239,-7,7,204
749,246,-7,7,204
742,253,-7,7,204
735,260,-7,7,204
728,267,-7,7,204
721,274,-7,7,204
714,281,-7,7,204
707,288,-7,7,218
700,295,-7,7,232
693,302,-7,7,246
686,309,-7,7,260
679,316,-7,7,274
672,323,-7,7,288
665,330,-7,7,302
658,337,-7,7,316
651,344,-7,7,330
644,351,-7,7,344
637,358,-7,7,358
630,365,-7,7,372
623,372,-7,7,386
616,379,-7,7,400
609,386,-7,7,414
602,393,-7,7,428
595,400,-7,7,442
588,407,-7,7,456
581,414,-7,7,470
574,421,-7,7,484
567,428,-7,7,498
560,435,-7,7,512
553,442,-7,7,526
546,449,-7,7,540
539,456,-7,7,554
532,463,-7,7,568
525,470,-7,7,568
518,477,-7,7,568
511,484,-7,7,568
504,491,-7,7,568
497,498,-7,7,568
490,505,-7,7,568
483,512,-7,7,568
476,519,-7,7,568
469,526,-7,7,568
462,533,-7,7,568
455,540,-7,7,568
448,547,-7,7,568
441,554,-7,7,568
434,561,-7,7,568
427,568,-7,7,568
420,575,-7,7,568
413,582,-7,7,568
406,589,-7,7,568
399,596,-7,7,568
392,603,-7,7,582
385,610,-7,7,596
378,617,-7,7,610
371,624,-7,7,624
364,631,-7,7,624
357,638,-7,7,624
350,645,-7,7,624
343,652,-7,7,624
336,659,-7,7,624
329,666,-7,7,624
322,673,-7,7,624
315,680,-7,7,624
308,687,-7,7,624
301,694,-7,7,624
294,701,-7,7,624
287,708,-7,7,624
280,715,-7,7,624
273,722,-7,7,624
266,729,-7,7,624
259,736,-7,7,624
252,743,-7,7,624
245,750,-7,7,624
238,757,-7,7,624
231,764,-7,7,624
231,764,-7,-7,624
224,757,-7,-7,624
217,750,-7,-7,624
210,743,-7,-7,624
203,736,-7,-7,624
196,729,-7,-7,624
189,722,-7,-7,624
182,715,-7,-7,624
175,708,-7,-7,624
168,701,-7,-7,624
161,694,-7,-7,624
154,687,-7,-7,624
147,680,-7,-7,624
140,673,-7,-7,624
133,666,-7,-7,624
126,659,-7,-7,624
119,652,-7,-7,624
112,645,-7,-7,624
105,638,-7,-7,624
98,631,-7,-7,624
91,624,-7,-7,610
84,617,-7,-7,596
77,610,-7,-7,582
70,603,-7,-7,568
63,596,-7,-7,554
56,589,-7,-7,554
49,582,-7,-7,554
42,575,-7,-7,554
42,575,7,-7,554
49,568,7,-7,554
56,561,7,-7,554
63,554,7,-7,554
70,547,7,-7,554
77,540,7,-7,554
84,533,7,-7,554
91,526,7,-7,554
98,519,7,-7,554
105,512,7,-7,554
112,505,7,-7,554
119,498,7,-7,554
126,491,7,-7,554
133,484,7,-7,554
140,477,7,-7,554
147,470,7,-7,554
154,463,7,-7,554
161,456,7,-7,554
168,449,7,-7,554
175,442,7,-7,554
182,435,7,-7,554
189,428,7,-7,554
196,421,7,-7,554
203,414,7,-7,554
210,407,7,-7,554
217,400,7,-7,554
224,393,7,-7,554
231,386,7,-7,554
238,379,7,-7,554
245,372,7,-7,554
252,365,7,-7,554
259,358,7,-7,554
266,351,7,-7,554
273,344,7,-7,554
280,337,7,-7,554
287,330,7,-7,554
294,323,7,-7,554
301,316,7,-7,554
308,309,7,-7,554
315,302,7,-7,554
322,295,7,-7,554
329,288,7,-7,554
336,281,7,-7,554
343,274,7,-7,554
350,267,7,-7,554
357,260,7,-7,554
364,253,7,-7,554
371,246,7,-7,554
378,239,7,-7,554
385,232,7,-7,554
392,225,7,-7,554
399,218,7,-7,554
406,211,7,-7,554
413,204,7,-7,554
420,197,7,-7,554
427,190,7,-7,554
434,183,7,-7,554
441,176,7,-7,554
448,169,7,-7,554
455,162,7,-7,554
462,155,7,-7,554
469,148,7,-7,554
476,141,7,-7,554
483,134,7,-7,554
490,127,7,-7,554
497,120,7,-7,554
504,113,7,-7,554
511,106,7,-7,554
518,99,7,-7,554
525,92,7,-7,554
532,85,7,-7,554
539,78,7,-7,554
546,71,7,-7,554
553,64,7,-7,554
560,57,7,-7,554
567,50,7,-7,554
574,43,7,-7,554
581,36,7,-7,554
581,36,7,7,554
588,43,7,7,554
595,50,7,7,554
602,57,7,7,554
609,64,7,7,554
616,71,7,7,554
623,78,7,7,554
630,85,7,7,554
637,92,7,7,554
644,99,7,7,554
651,106,7,7,554
658,113,7,7,554
665,120,7,7,554
672,127,7,7,554
679,134,7,7,554
686,141,7,7,554
693,148,7,7,554
700,155,7,7,554
707,162,7,7,554
714,169,7,7,554
721,176,7,7,554
728,183,7,7,554
735,190,7,7,554
742,197,7,7,554
749,204,7,7,554
756,211,7,7,554
763,218,7,7,554
770,225,7,7,554
777,232,7,7,554
784,239,7,7,554
791,246,7,7,554
798,253,7,7,554
805,260,7,7,554
812,267,7,7,554
819,274,7,7,554
826,281,7,7,554
833,288,7,7,554
840,295,7,7,554
847,302,7,7,554
854,309,7,7,554
861,316,7,7,554
868,323,7,7,554
875,330,7,7,554
882,337,7,7,554
889,344,7,7,554
896,351,7,7,554
903,358,7,7,554
910,365,7,7,554
917,372,7,7,554
924,379,7,7,554
931,386,7,7,554
938,393,7,7,554
945,400,7,7,554
952,407,7,7,554
959,414,7,7,554
966,421,7,7,554
973,428,7,7,554
980,435,7,7,554
987,442,7,7,554
994,449,7,7,554
1001,456,7,7,554
1008,463,7,7,554
1015,470,7,7,554
1022,477,7,7,554
1029,484,7,7,554
1036,491,7,7,554
1043,498,7,7,554
1050,505,7,7,554
1057,512,7,7,554
1064,519,7,7,554
1071,526,7,7,554
1078,533,7,7,554
1085,540,7,7,554
1092,547,7,7,554
1099,554,7,7,554
1106,561,7,7,554
1113,568,7,7,554
1120,575,7,7,554
1127,582,7,7,554
1134,589,7,7,554
1141,596,7,7,554
1148,603,7,7,554
1155,610,7,7,554
1162,617,7,7,554
1169,624,7,7,554
1176,631,7,7,554
1176,631,-7,7,554
1169,638,-7,7,554
1162,645,-7,7,554
1155,652,-7,7,554
1148,659,-7,7,554
1141,666,-7,7,554
1134,673,-7,7,554
1127,680,-7,7,554
1120,687,-7,7,554
1113,694,-7,7,554
1106,701,-7,7,554
1099,708,-7,7,554
1092,715,-7,7,554
1085,722,-7,7,554
1078,729,-7,7,554
1071,736,-7,7,554
1064,743,-7,7,554
1057,750,-7,7,554
1050,757,-7,7,554
1043,764,-7,7,554
1043,764,-7,-7,554
1036,757,-7,-7,554
1029,750,-7,-7,554
1022,743,-7,-7,554
1015,736,-7,-7,554
1008,729,-7,-7,554
1001,722,-7,-7,554
994,715,-7,-7,554
987,708,-7,-7,554
980,701,-7,-7,554
973,694,-7,-7,554
966,687,-7,-7,554
959,680,-7,-7,554
952,673,-7,-7,554
945,666,-7,-7,554
938,659,-7,-7,554
931,652,-7,-7,554
924,645,-7,-7,554
917,638,-7,-7,554
910,631,-7,-7,554
903,624,-7,-7,554
896,617,-7,-7,554
889,610,-7,-7,554
882,603,-7,-7,554
875,596,-7,-7,554
868,589,-7,-7,554
861,582,-7,-7,554
854,575,-7,-7,554
847,568,-7,-7,554
840,561,-7,-7,554
833,554,-7,-7,554
826,547,-7,-7,554
819,540,-7,-7,540
812,533,-7,-7,526
805,526,-7,-7,512
798,519,-7,-7,498
791,512,-7,-7,484
784,505,-7,-7,470
777,498,-7,-7,456
770,491,-7,-7,442
763,484,-7,-7,428
756,477,-7,-7,414
749,470,-7,-7,400
742,463,-7,-7,386
735,456,-7,-7,372
728,449,-7,-7,358
721,442,-7,-7,344
714,435,-7,-7,330
707,428,-7,-7,330
700,421,-7,-7,330
693,414,-7,-7,330
686,407,-7,-7,330
679,400,-7,-7,330
672,393,-7,-7,330
665,386,-7,-7,330
658,379,-7,-7,330
651,372,-7,-7,330
644,365,-7,-7,330
637,358,-7,-7,330
630,351,-7,-7,330
623,344,-7,-7,330
616,337,-7,-7,330
609,330,-7,-7,330
602,323,-7,-7,330
595,316,-7,-7,330
588,309,-7,-7,330
581,302,-7,-7,330
574,295,-7,-7,330
567,288,-7,-7,330
560,281,-7,-7,330
553,274,-7,-7,330
546,267,-7,-7,330
539,260,-7,-7,330
532,253,-7,-7,316
525,246,-7,-7,302
518,239,-7,-7,288
511,232,-7,-7,274
504,225,-7,-7,260
497,218,-7,-7,246
490,211,-7,-7,232
483,204,-7,-7,218
476,197,-7,-7,204
469,190,-7,-7,204
462,183,-7,-7,204
455,176,-7,-7,204
448,169,-7,-7,204
441,162,-7,-7,204
434,155,-7,-7,204
427,148,-7,-7,204
420,141,-7,-7,204
413,134,-7,-7,204
406,127,-7,-7,204
399,120,-7,-7,204
392,113,-7,-7,204
385,106,-7,-7,204
378,99,-7,-7,204
371,92,-7,-7,204
364,85,-7,-7,204
357,78,-7,-7,204
350,71,-7,-7,204
343,64,-7,-7,204
336,57,-7,-7,204
329,50,-7,-7,204
322,43,-7,-7,204
315,36,-7,-7,204
315,36,-7,7,204
308,43,-7,7,204
301,50,-7,7,204
294,57,-7,7,204
287,64,-7,7,204
280,71,-7,7,204
273,78,-7,7,204
266,85,-7,7,204
259,92,-7,7,204
252,99,-7,7,204
245,106,-7,7,204
238,113,-7,7,204
231,120,-7,7,204
224,127,-7,7,204
217,134,-7,7,204
210,141,-7,7,204
203,148,-7,7,204
196,155,-7,7,218
189,162,-7,7,232
182,169,-7,7,246
175,176,-7,7,260
168,183,-7,7,274
161,190,-7,7,274
154,197,-7,7,274
147,204,-7,7,274
140,211,-7,7,274
133,218,-7,7,274
126,225,-7,7,274
119,232,-7,7,274
112,239,-7,7,274
105,246,-7,7,274
98,253,-7,7,274
91,260,-7,7,274
84,267,-7,7,274
77,274,-7,7,274
70,281,-7,7,274
63,288,-7,7,288
56,295,-7,7,302
49,302,-7,7,316
42,309,-7,7,330
42,309,7,7,330
49,316,7,7,330
56,323,7,7,330
63,330,7,7,330
70,337,7,7,330
77,344,7,7,330
84,351,7,7,330
91,358,7,7,330
98,365,7,7,330
105,372,7,7,330
112,379,7,7,330
119,386,7,7,330
126,393,7,7,330
133,400,7,7,330
140,407,7,7,330
147,414,7,7,330
154,421,7,7,330
161,428,7,7,330
168,435,7,7,330
175,442,7,7,330
182,449,7,7,330
189,456,7,7,330
196,463,7,7,330
203,470,7,7,330
210,477,7,7,330
217,484,7,7,330
224,491,7,7,330
231,498,7,7,330
238,505,7,7,330
245,512,7,7,330
252,519,7,7,330
259,526,7,7,344
266,533,7,7,358
273,540,7,7,358
280,547,7,7,358
287,554,7,7,358
294,561,7,7,358
301,568,7,7,358
308,575,7,7,358
315,582,7,7,358
322,589,7,7,358
329,596,7,7,358
336,603,7,7,358
343,610,7,7,358
350,617,7,7,358
357,624,7,7,358
364,631,7,7,358
371,638,7,7,358
378,645,7,7,358
385,652,7,7,358
392,659,7,7,358
399,666,7,7,358
406,673,7,7,358
413,680,7,7,358
420,687,7,7,358
427,694,7,7,358
434,701,7,7,358
441,708,7,7,358
448,715,7,7,358
455,722,7,7,358
462,729,7,7,358
469,736,7,7,358
476,743,7,7,358
483,750,7,7,358
490,757,7,7,358
497,764,7,7,358
497,764,7,-7,358
504,757,7,-7,358
511,750,7,-7,358
518,743,7,-7,358
525,736,7,-7,358
532,729,7,-7,358
539,722,7,-7,358
546,715,7,-7,358
553,708,7,-7,358
560,701,7,-7,358
567,694,7,-7,358
574,687,7,-7,358
581,680,7,-7,358
588,673,7,-7,358
595,666,7,-7,358
602,659,7,-7,358
609,652,7,-7,358
616,645,7,-7,358
623,638,7,-7,358
630,631,7,-7,358
637,624,7,-7,358
644,617,7,-7,358
651,610,7,-7,358
658,603,7,-7,358
665,596,7,-7,358
672,589,7,-7,358
679,582,7,-7,358
686,575,7,-7,358
693,568,7,-7,358
700,561,7,-7,358
707,554,7,-7,358
714,547,7,-7,358
721,540,7,-7,358
728,533,7,-7,358
735,526,7,-7,358
742,519,7,-7,358
749,512,7,-7,358
756,505,7,-7,358
763,498,7,-7,358
770,491,7,-7,358
777,484,7,-7,358
784,477,7,-7,358
791,470,7,-7,358
798,463,7,-7,358
805,456,7,-7,358
812,449,7,-7,358
819,442,7,-7,358
826,435,7,-7,358
833,428,7,-7,358
840,421,7,-7,358
847,414,7,-7,358
854,407,7,-7,358
861,400,7,-7,358
868,393,7,-7,358
875,386,7,-7,358
882,379,7,-7,358
889,372,7,-7,358
896,365,7,-7,358
903,358,7,-7,358
910,351,7,-7,358
917,344,7,-7,358
924,337,7,-7,358
931,330,7,-7,358
938,323,7,-7,358
945,316,7,-7,358
952,309,7,-7,358
959,302,7,-7,358
966,295,7,-7,358
973,288,7,-7,358
980,281,7,-7,358
987,274,7,-7,358
994,267,7,-7,358
1001,260,7,-7,358
1008,253,7,-7,358
1015,246,7,-7,358
1022,239,7,-7,358
1029,232,7,-7,358
1036,225,7,-7,358
1043,218,7,-7,358
1050,211,7,-7,358
1057,204,7,-7,358
1064,197,7,-7,358
1071,190,7,-7,358
1078,183,7,-7,358
1085,176,7,-7,358
1092,169,7,-7,358
1099,162,7,-7,358
1106,155,7,-7,358
1113,148,7,-7,358
1120,141,7,-7,358
1127,134,7,-7,358
1134,127,7,-7,358
1141,120,7,-7,358
1148,113,7,-7,358
1155,106,7,-7,358
1162,99,7,-7,358
1169,92,7,-7,358
1176,85,7,-7,358
1176,85,-7,-7,358
1169,78,-7,-7,358
1162,71,-7,-7,358
1155,64,-7,-7,358
1148,57,-7,-7,358
1141,50,-7,-7,358
1134,43,-7,-7,358
1127,36,-7,-7,358
1127,36,-7,7,358
1120,43,-7,7,358
1113,50,-7,7,358
1106,57,-7,7,358
1099,64,-7,7,358
1092,71,-7,7,358
1085,78,-7,7,358
1078,85,-7,7,358
1071,92,-7,7,358
1064,99,-7,7,358
1057,106,-7,7,358
1050,113,-7,7,358
1043,120,-7,7,358
1036,127,-7,7,358
1029,134,-7,7,358
1022,141,-7,7,358
1015,148,-7,7,358
1008,155,-7,7,358
1001,162,-7,7,358
994,169,-7,7,358
987,176,-7,7,358
980,183,-7,7,358
973,190,-7,7,358
966,197,-7,7,358
959,204,-7,7,358
952,211,-7,7,358
945,218,-7,7,358
938,225,-7,7,358
931,232,-7,7,358
924,239,-7,7,358
917,246,-7,7,358
910,253,-7,7,358
903,260,-7,7,358
896,267,-7,7,358
889,274,-7,7,358
882,281,-7,7,358
875,288,-7,7,358
868,295,-7,7,358
861,302,-7,7,358
854,309,-7,7,358
847,316,-7,7,358
840,323,-7,7,358
833,330,-7,7,358
826,337,-7,7,358
819,344,-7,7,358
812,351,-7,7,358
805,358,-7,7,358
798,365,-7,7,358
791,372,-7,7,358
784,379,-7,7,358
777,386,-7,7,358
770,393,-7,7,358
763,400,-7,7,358
756,407,-7,7,358
749,414,-7,7,358
742,421,-7,7,358
735,428,-7,7,358
728,435,-7,7,358
721,442,-7,7,358
714,449,-7,7,358
707,456,-7,7,358
700,463,-7,7,358
693,470,-7,7,358
686,477,-7,7,358
679,484,-7,7,358
672,491,-7,7,358
665,498,-7,7,358
658,505,-7,7,358
651,512,-7,7,358
644,519,-7,7,358
637,526,-7,7,358
630,533,-7,7,358
623,540,-7,7,358
616,547,-7,7,358
609,554,-7,7,358
602,561,-7,7,358
595,568,-7,7,358
588,575,-7,7,358
581,582,-7,7,358
574,589,-7,7,358
567,596,-7,7,358
560,603,-7,7,358
553,610,-7,7,358
546,617,-7,7,358
539,624,-7,7,358
532,631,-7,7,358
525,638,-7,7,358
518,645,-7,7,358
511,652,-7,7,358
504,659,-7,7,358
497,666,-7,7,358
490,673,-7,7,358
483,680,-7,7,358
476,687,-7,7,358
469,694,-7,7,358
462,701,-7,7,358
455,708,-7,7,358
448,715,-7,7,358
441,722,-7,7,358
434,729,-7,7,358
427,736,-7,7,358
420,743,-7,7,358
413,750,-7,7,358
406,757,-7,7,358
399,764,-7,7,358
399,764,-7,-7,358
392,757,-7,-7,358
385,750,-7,-7,358
378,743,-7,-7,358
371,736,-7,-7,358
364,729,-7,-7,358
357,722,-7,-7,358
350,715,-7,-7,358
343,708,-7,-7,358
336,701,-7,-7,358
329,694,-7,-7,358
322,687,-7,-7,358
315,680,-7,-7,358
308,673,-7,-7,358
301,666,-7,-7,358
294,659,-7,-7,358
287,652,-7,-7,358
280,645,-7,-7,358
273,638,-7,-7,372
266,631,-7,-7,386
259,624,-7,-7,400
252,617,-7,-7,414
245,610,-7,-7,428
238,603,-7,-7,442
231,596,-7,-7,456
224,589,-7,-7,456
217,582,-7,-7,456
210,575,-7,-7,456
203,568,-7,-7,456
196,561,-7,-7,456
189,554,-7,-7,456
182,547,-7,-7,456
175,540,-7,-7,456
168,533,-7,-7,456
161,526,-7,-7,456
154,519,-7,-7,456
147,512,-7,-7,456
140,505,-7,-7,456
133,498,-7,-7,456
126,491,-7,-7,456
119,484,-7,-7,456
112,477,-7,-7,456
105,470,-7,-7,456
98,463,-7,-7,456
91,456,-7,-7,456
84,449,-7,-7,456
77,442,-7,-7,456
70,435,-7,-7,456
63,428,-7,-7,456
56,421,-7,-7,442
49,414,-7,-7,428
42,407,-7,-7,414
42,407,7,-7,400
49,400,7,-7,400
56,393,7,-7,400
63,386,7,-7,400
70,379,7,-7,400
77,372,7,-7,400
84,365,7,-7,400
91,358,7,-7,400
98,351,7,-7,400
105,344,7,-7,400
112,337,7,-7,400
119,330,7,-7,400
126,323,7,-7,400
133,316,7,-7,400
140,309,7,-7,400
147,302,7,-7,400
154,295,7,-7,400
161,288,7,-7,400
168,281,7,-7,400
175,274,7,-7,400
182,267,7,-7,400
189,260,7,-7,400
196,253,7,-7,400
203,246,7,-7,386
210,239,7,-7,372
217,232,7,-7,358
224,225,7,-7,344
231,218,7,-7,344
238,211,7,-7,344
245,204,7,-7,344
252,197,7,-7,344
259,190,7,-7,344
266,183,7,-7,344
273,176,7,-7,344
280,169,7,-7,344
287,162,7,-7,344
294,155,7,-7,344
301,148,7,-7,344
308,141,7,-7,344
315,134,7,-7,344
322,127,7,-7,344
329,120,7,-7,344
336,113,7,-7,344
343,106,7,-7,344
350,99,7,-7,344
357,92,7,-7,344
364,85,7,-7,344
371,78,7,-7,344
378,71,7,-7,344
385,64,7,-7,344
392,57,7,-7,344
399,50,7,-7,344
406,43,7,-7,344
413,36,7,-7,344
413,36,7,7,344
420,43,7,7,344
427,50,7,7,344
434,57,7,7,344
441,64,7,7,344
448,71,7,7,344
455,78,7,7,344
462,85,7,7,344
469,92,7,7,344
476,99,7,7,344
483,106,7,7,344
490,113,7,7,344
497,120,7,7,344
504,127,7,7,344
511,134,7,7,344
518,141,7,7,344
525,148,7,7,344
532,155,7,7,344
539,162,7,7,344
546,169,7,7,344
553,176,7,7,344
560,183,7,7,344
567,190,7,7,344
574,197,7,7,344
581,204,7,7,344
588,211,7,7,344
595,218,7,7,344
602,225,7,7,344
609,232,7,7,344
616,239,7,7,344
623,246,7,7,344
630,253,7,7,344
637,260,7,7,344
644,267,7,7,344
651,274,7,7,344
658,281,7,7,344
665,288,7,7,344
672,295,7,7,344
679,302,7,7,344
686,309,7,7,344
693,316,7,7,344
700,323,7,7,344
707,330,7,7,344
714,337,7,7,344
721,344,7,7,344
728,351,7,7,344
735,358,7,7,344
742,365,7,7,344
749,372,7,7,344
756,379,7,7,344
763,386,7,7,344
770,393,7,7,344
777,400,7,7,344
784,407,7,7,344
791,414,7,7,344
798,421,7,7,344
805,428,7,7,344
812,435,7,7,344
819,442,7,7,344
826,449,7,7,344
833,456,7,7,344
840,463,7,7,344
847,470,7,7,344
854,477,7,7,344
861,484,7,7,344
868,491,7,7,344
875,498,7,7,344
882,505,7,7,344
889,512,7,7,344
896,519,7,7,344
903,526,7,7,344
910,533,7,7,344
917,540,7,7,344
924,547,7,7,344
931,554,7,7,344
938,561,7,7,344
945,568,7,7,344
952,575,7,7,344
959,582,7,7,344
966,589,7,7,344
973,596,7,7,344
980,603,7,7,344
987,610,7,7,344
994,617,7,7,344
1001,624,7,7,344
1008,631,7,7,344
1015,638,7,7,344
1022,645,7,7,344
1029,652,7,7,344
1036,659,7,7,344
1043,666,7,7,344
1050,673,7,7,344
1057,680,7,7,344
1064,687,7,7,344
1071,694,7,7,344
1078,701,7,7,344
1085,708,7,7,344
1092,715,7,7,344
1099,722,7,7,344
1106,729,7,7,344
1113,736,7,7,344
1120,743,7,7,344
1127,750,7,7,344
1134,757,7,7,344
1141,764,7,7,344
1141,764,7,-7,344
1148,757,7,-7,344
1155,750,7,-7,344
1162,743,7,-7,344
1169,736,7,-7,344
1176,729,7,-7,344
1176,729,-7,-7,344
1169,722,-7,-7,344
1162,715,-7,-7,344
1155,708,-7,-7,344
1148,701,-7,-7,344
1141,694,-7,-7,344
1134,687,-7,-7,344
1127,680,-7,-7,344
1120,673,-7,-7,344
1113,666,-7,-7,344
1106,659,-7,-7,344
1099,652,-7,-7,344
1092,645,-7,-7,344
1085,638,-7,-7,344
1078,631,-7,-7,344
1071,624,-7,-7,344
1064,617,-7,-7,344
1057,610,-7,-7,344
1050,603,-7,-7,344
1043,596,-7,-7,344
1036,589,-7,-7,344
1029,582,-7,-7,344
1022,575,-7,-7,344
1015,568,-7,-7,344
1008,561,-7,-7,344
1001,554,-7,-7,344
994,547,-7,-7,344
987,540,-7,-7,344
980,533,-7,-7,344
973,526,-7,-7,344
966,519,-7,-7,344
959,512,-7,-7,344
952,505,-7,-7,344
945,498,-7,-7,344
938,491,-7,-7,344
931,484,-7,-7,344
924,477,-7,-7,344
917,470,-7,-7,344
910,463,-7,-7,344
903,456,-7,-7,344
896,449,-7,-7,344
889,442,-7,-7,344
882,435,-7,-7,344
875,428,-7,-7,344
868,421,-7,-7,344
861,414,-7,-7,344
854,407,-7,-7,344
847,400,-7,-7,344
840,393,-7,-7,344
833,386,-7,-7,344
826,379,-7,-7,344
819,372,-7,-7,344
812,365,-7,-7,344
805,358,-7,-7,344
798,351,-7,-7,344
791,344,-7,-7,344
784,337,-7,-7,344
777,330,-7,-7,344
770,323,-7,-7,344
763,316,-7,-7,344
756,309,-7,-7,344
749,302,-7,-7,344
742,295,-7,-7,344
735,288,-7,-7,344
728,281,-7,-7,344
721,274,-7,-7,344
714,267,-7,-7,344
707,260,-7,-7,344
700,253,-7,-7,344
693,246,-7,-7,344
686,239,-7,-7,344
679,232,-7,-7,344
672,225,-7,-7,344
665,218,-7,-7,344
658,211,-7,-7,344
651,204,-7,-7,344
644,197,-7,-7,344
637,190,-7,-7,344
630,183,-7,-7,344
623,176,-7,-7,344
616,169,-7,-7,344
609,162,-7,-7,344
602,155,-7,-7,344
595,148,-7,-7,344
588,141,-7,-7,344
581,134,-7,-7,344
574,127,-7,-7,344
567,120,-7,-7,344
560,113,-7,-7,344
553,106,-7,-7,344
546,99,-7,-7,344
539,92,-7,-7,344
532,85,-7,-7,344
525,78,-7,-7,344
518,71,-7,-7,344
511,64,-7,-7,344
504,57,-7,-7,344
497,50,-7,-7,344
490,43,-7,-7,344
483,36,-7,-7,344
483,36,-7,7,344
476,43,-7,7,344
469,50,-7,7,344
462,57,-7,7,344
455,64,-7,7,344
448,71,-7,7,344
441,78,-7,7,344
434,85,-7,7,344
427,92,-7,7,344
420,99,-7,7,344
413,106,-7,7,344
406,113,-7,7,344
399,120,-7,7,344
392,127,-7,7,344
385,134,-7,7,344
378,141,-7,7,344
371,148,-7,7,344
364,155,-7,7,344
357,162,-7,7,344
350,169,-7,7,344
343,176,-7,7,344
336,183,-7,7,344
329,190,-7,7,344
322,197,-7,7,344
315,204,-7,7,344
308,211,-7,7,344
301,218,-7,7,344
294,225,-7,7,344
287,232,-7,7,358
280,239,-7,7,372
273,246,-7,7,386
266,253,-7,7,400
259,260,-7,7,414
252,267,-7,7,428
245,274,-7,7,442
238,281,-7,7,456
231,288,-7,7,456
224,295,-7,7,456
217,302,-7,7,456
210,309,-7,7,456
203,316,-7,7,456
196,323,-7,7,456
189,330,-7,7,456
182,337,-7,7,456
175,344,-7,7,456
168,351,-7,7,456
161,358,-7,7,456
154,365,-7,7,456
147,372,-7,7,456
140,379,-7,7,456
133,386,-7,7,456
126,393,-7,7,456
119,400,-7,7,456
112,407,-7,7,456
105,414,-7,7,456
98,421,-7,7,456
91,428,-7,7,456
84,435,-7,7,456
77,442,-7,7,456
70,449,-7,7,456
63,456,-7,7,456
56,463,-7,7,456
49,470,-7,7,470
42,477,-7,7,484
42,477,7,7,498
49,484,7,7,498
56,491,7,7,498
63,498,7,7,498
70,505,7,7,498
77,512,7,7,498
84,519,7,7,498
91,526,7,7,498
98,533,7,7,498
105,540,7,7,498
112,547,7,7,498
119,554,7,7,498
126,561,7,7,498
133,568,7,7,498
140,575,7,7,498
147,582,7,7,498
154,589,7,7,498
161,596,7,7,498
168,603,7,7,498
175,610,7,7,498
182,617,7,7,498
189,624,7,7,498
196,631,7,7,484
203,638,7,7,470
210,645,7,7,456
217,652,7,7,442
224,659,7,7,428
231,666,7,7,414
238,673,7,7,400
245,680,7,7,386
252,687,7,7,372
259,694,7,7,372
266,701,7,7,372
273,708,7,7,372
280,715,7,7,372
287,722,7,7,372
294,729,7,7,372
301,736,7,7,372
308,743,7,7,372
315,750,7,7,372
322,757,7,7,372
329,764,7,7,372
329,764,7,-7,372
336,757,7,-7,372
343,750,7,-7,372
350,743,7,-7,372
357,736,7,-7,372
364,729,7,-7,372
371,722,7,-7,372
378,715,7,-7,372
385,708,7,-7,372
392,701,7,-7,372
399,694,7,-7,372
406,687,7,-7,372
413,680,7,-7,372
420,673,7,-7,372
427,666,7,-7,372
434,659,7,-7,372
441,652,7,-7,372
448,645,7,-7,372
455,638,7,-7,372
462,631,7,-7,372
469,624,7,-7,372
476,617,7,-7,372
483,610,7,-7,372
490,603,7,-7,372
497,596,7,-7,372
504,589,7,-7,372
511,582,7,-7,372
518,575,7,-7,372
525,568,7,-7,372
532,561,7,-7,372
539,554,7,-7,372
546,547,7,-7,372
553,540,7,-7,372
560,533,7,-7,372
567,526,7,-7,372
574,519,7,-7,372
581,512,7,-7,372
588,505,7,-7,372
595,498,7,-7,372
602,491,7,-7,372
609,484,7,-7,372
616,477,7,-7,372
623,470,7,-7,372
630,463,7,-7,372
637,456,7,-7,372
644,449,7,-7,372
651,442,7,-7,372
658,435,7,-7,372
665,428,7,-7,372
672,421,7,-7,372
679,414,7,-7,372
686,407,7,-7,372
693,400,7,-7,372
700,393,7,-7,372
707,386,7,-7,372
714,379,7,-7,372
721,372,7,-7,372
728,365,7,-7,372
735,358,7,-7,372
742,351,7,-7,372
749,344,7,-7,372
756,337,7,-7,372
763,330,7,-7,372
770,323,7,-7,372
777,316,7,-7,372
784,309,7,-7,372
791,302,7,-7,372
798,295,7,-7,372
805,288,7,-7,372
812,281,7,-7,372
819,274,7,-7,372
826,267,7,-7,372
833,260,7,-7,372
840,253,7,-7,372
847,246,7,-7,372
854,239,7,-7,372
861,232,7,-7,372
868,225,7,-7,372
875,218,7,-7,372
882,211,7,-7,372
889,204,7,-7,372
896,197,7,-7,372
903,190,7,-7,372
910,183,7,-7,372
917,176,7,-7,372
924,169,7,-7,372
931,162,7,-7,372
938,155,7,-7,372
945,148,7,-7,372
952,141,7,-7,372
959,134,7,-7,372
966,127,7,-7,372
973,120,7,-7,372
980,113,7,-7,372
987,106,7,-7,372
994,99,7,-7,372
1001,92,7,-7,372
1008,85,7,-7,372
1015,78,7,-7,372
1022,71,7,-7,372
1029,64,7,-7,372
1036,57,7,-7,372
1043,50,7,-7,372
1050,43,7,-7,372
1057,36,7,-7,372
1057,36,7,7,372
1064,43,7,7,372
1071,50,7,7,372
1078,57,7,7,372
1085,64,7,7,372
1092,71,7,7,372
1099,78,7,7,372
1106,85,7,7,372
1113,92,7,7,372
1120,99,7,7,372
1127,106,7,7,372
1134,113,7,7,372
1141,120,7,7,372
1148,127,7,7,372
1155,134,7,7,372
1162,141,7,7,372
1169,148,7,7,372
1176,155,7,7,372
1176,155,-7,7,372
1169,162,-7,7,372
1162,169,-7,7,372
1155,176,-7,7,372
1148,183,-7,7,372
1141,190,-7,7,372
1134,197,-7,7,372
1127,204,-7,7,372
1120,211,-7,7,372
1113,218,-7,7,372
1106,225,-7,7,372
1099,232,-7,7,372
1092,239,-7,7,372
1085,246,-7,7,372
1078,253,-7,7,372
1071,260,-7,7,372
1064,267,-7,7,372
1057,274,-7,7,372
1050,281,-7,7,372
1043,288,-7,7,372
1036,295,-7,7,372
1029,302,-7,7,372
1022,309,-7,7,372
1015,316,-7,7,372
1008,323,-7,7,372
1001,330,-7,7,372
994,337,-7,7,372
987,344,-7,7,372
980,351,-7,7,372
973,358,-7,7,372
966,365,-7,7,372
959,372,-7,7,372
952,379,-7,7,372
945,386,-7,7,372
938,393,-7,7,372
931,400,-7,7,372
924,407,-7,7,372
917,414,-7,7,372
910,421,-7,7,372
903,428,-7,7,372
896,435,-7,7,372
889,442,-7,7,372
882,449,-7,7,372
875,456,-7,7,372
868,463,-7,7,372
861,470,-7,7,372
854,477,-7,7,372
847,484,-7,7,372
840,491,-7,7,372
833,498,-7,7,372
826,505,-7,7,372
819,512,-7,7,372
812,519,-7,7,372
805,526,-7,7,372
798,533,-7,7,372
791,540,-7,7,372
784,547,-7,7,372
777,554,-7,7,372
770,561,-7,7,372
763,568,-7,7,372
756,575,-7,7,372
749,582,-7,7,372
742,589,-7,7,372
735,596,-7,7,372
728,603,-7,7,372
721,610,-7,7,372
714,617,-7,7,372
707,624,-7,7,372
700,631,-7,7,372
693,638,-7,7,372
686,645,-7,7,372
679,652,-7,7,372
672,659,-7,7,372
665,666,-7,7,372
658,673,-7,7,372
651,680,-7,7,372
644,687,-7,7,372
637,694,-7,7,372
630,701,-7,7,372
623,708,-7,7,372
616,715,-7,7,372
609,722,-7,7,372
602,729,-7,7,372
595,736,-7,7,372
588,743,-7,7,372
581,750,-7,7,372
574,757,-7,7,372
567,764,-7,7,372
567,764,-7,-7,372
560,757,-7,-7,372
553,750,-7,-7,372
546,743,-7,-7,372
539,736,-7,-7,372
532,729,-7,-7,372
525,722,-7,-7,372
518,715,-7,-7,372
511,708,-7,-7,372
504,701,-7,-7,372
497,694,-7,-7,372
490,687,-7,-7,372
483,680,-7,-7,372
476,673,-7,-7,372
469,666,-7,-7,372
462,659,-7,-7,358
455,652,-7,-7,344
448,645,-7,-7,330
441,638,-7,-7,316
434,631,-7,-7,302
427,624,-7,-7,288
420,617,-7,-7,274
413,610,-7,-7,274
406,603,-7,-7,274
399,596,-7,-7,274
392,589,-7,-7,274
385,582,-7,-7,274
378,575,-7,-7,274
371,568,-7,-7,274
364,561,-7,-7,274
357,554,-7,-7,274
350,547,-7,-7,274
343,540,-7,-7,274
336,533,-7,-7,274
329,526,-7,-7,274
322,519,-7,-7,274
315,512,-7,-7,274
308,505,-7,-7,274
301,498,-7,-7,274
294,491,-7,-7,274
287,484,-7,-7,274
280,477,-7,-7,274
273,470,-7,-7,274
266,463,-7,-7,274
259,456,-7,-7,274
252,449,-7,-7,274
245,442,-7,-7,274
238,435,-7,-7,274
231,428,-7,-7,274
224,421,-7,-7,274
217,414,-7,-7,274
210,407,-7,-7,274
203,400,-7,-7,274
196,393,-7,-7,274
189,386,-7,-7,274
182,379,-7,-7,274
175,372,-7,-7,274
168,365,-7,-7,274
161,358,-7,-7,274
154,351,-7,-7,274
147,344,-7,-7,274
140,337,-7,-7,274
133,330,-7,-7,274
126,323,-7,-7,274
119,316,-7,-7,274
112,309,-7,-7,274
105,302,-7,-7,274
98,295,-7,-7,274
91,288,-7,-7,274
84,281,-7,-7,274
77,274,-7,-7,274
70,267,-7,-7,260
63,260,-7,-7,246
56,253,-7,-7,232
49,246,-7,-7,218
42,239,-7,-7,204
42,239,7,-7,204
49,232,7,-7,204
56,225,7,-7,204
63,218,7,-7,204
70,211,7,-7,204
77,204,7,-7,204
84,197,7,-7,204
91,190,7,-7,204
98,183,7,-7,204
105,176,7,-7,204
112,169,7,-7,204
119,162,7,-7,204
126,155,7,-7,204
133,148,7,-7,204
140,141,7,-7,204
147,134,7,-7,204
154,127,7,-7,204
161,120,7,-7,204
168,113,7,-7,204
175,106,7,-7,204
182,99,7,-7,204
189,92,7,-7,204
196,85,7,-7,204
203,78,7,-7,204
210,71,7,-7,218
217,64,7,-7,232
224,57,7,-7,246
231,50,7,-7,260
238,43,7,-7,274
245,36,7,-7,288
245,36,7,7,302
252,43,7,7,316
259,50,7,7,330
266,57,7,7,344
273,64,7,7,358
280,71,7,7,372
287,78,7,7,372
294,85,7,7,372
301,92,7,7,372
308,99,7,7,372
315,106,7,7,372
322,113,7,7,372
329,120,7,7,372
336,127,7,7,372
343,134,7,7,372
350,141,7,7,372
357,148,7,7,372
364,155,7,7,372
371,162,7,7,372
378,169,7,7,372
385,176,7,7,372
392,183,7,7,372
399,190,7,7,372
406,197,7,7,372
413,204,7,7,372
420,211,7,7,372
427,218,7,7,372
434,225,7,7,372
441,232,7,7,372
448,239,7,7,372
455,246,7,7,372
462,253,7,7,372
469,260,7,7,372
476,267,7,7,372
483,274,7,7,372
490,281,7,7,372
497,288,7,7,372
504,295,7,7,372
511,302,7,7,372
518,309,7,7,372
525,316,7,7,372
532,323,7,7,372
539,330,7,7,372
546,337,7,7,372
553,344,7,7,372
560,351,7,7,372
567,358,7,7,372
574,365,7,7,372
581,372,7,7,372
588,379,7,7,372
595,386,7,7,372
602,393,7,7,372
609,400,7,7,372
616,407,7,7,372
623,414,7,7,372
630,421,7,7,372
637,428,7,7,372
644,435,7,7,372
651,442,7,7,372
658,449,7,7,372
665,456,7,7,372
672,463,7,7,372
679,470,7,7,372
686,477,7,7,372
693,484,7,7,372
700,491,7,7,372
707,498,7,7,372
714,505,7,7,372
721,512,7,7,372
728,519,7,7,372
735,526,7,7,372
742,533,7,7,372
749,540,7,7,372
756,547,7,7,372
763,554,7,7,372
770,561,7,7,372
777,568,7,7,372
784,575,7,7,372
791,582,7,7,372
798,589,7,7,372
805,596,7,7,372
812,603,7,7,372
819,610,7,7,372
826,617,7,7,372
833,624,7,7,372
840,631,7,7,372
847,638,7,7,372
854,645,7,7,372
861,652,7,7,372
868,659,7,7,372
875,666,7,7,372
882,673,7,7,372
889,680,7,7,372
896,687,7,7,372
903,694,7,7,372
910,701,7,7,372
917,708,7,7,372
924,715,7,7,372
931,722,7,7,372
938,729,7,7,372
945,736,7,7,372
952,743,7,7,372
959,750,7,7,372
966,757,7,7,372
973,764,7,7,372
973,764,7,-7,372
980,757,7,-7,372
987,750,7,-7,372
994,743,7,-7,372
1001,736,7,-7,372
1008,729,7,-7,372
1015,722,7,-7,372
1022,715,7,-7,372
1029,708,7,-7,372
1036,701,7,-7,372
1043,694,7,-7,372
1050,687,7,-7,372
1057,680,7,-7,372
1064,673,7,-7,372
1071,666,7,-7,372
1078,659,7,-7,372
1085,652,7,-7,372
1092,645,7,-7,372
1099,638,7,-7,372
1106,631,7,-7,372
1113,624,7,-7,372
1120,617,7,-7,372
1127,610,7,-7,372
1134,603,7,-7,372
1141,596,7,-7,372
1148,589,7,-7,372
1155,582,7,-7,372
1162,575,7,-7,372
1169,568,7,-7,372
1176,561,7,-7,372
1176,561,-7,-7,372
1169,554,-7,-7,372
1162,547,-7,-7,372
1155,540,-7,-7,372
1148,533,-7,-7,372
1141,526,-7,-7,372
1134,519,-7,-7,372
1127,512,-7,-7,372
1120,505,-7,-7,372
1113,498,-7,-7,372
1106,491,-7,-7,372
1099,484,-7,-7,372
1092,477,-7,-7,372
1085,470,-7,-7,372
1078,463,-7,-7,372
1071,456,-7,-7,372
1064,449,-7,-7,372
1057,442,-7,-7,372
1050,435,-7,-7,372
1043,428,-7,-7,372
1036,421,-7,-7,372
1029,414,-7,-7,372
1022,407,-7,-7,372
1015,400,-7,-7,372
1008,393,-7,-7,372
1001,386,-7,-7,372
994,379,-7,-7,372
987,372,-7,-7,372
980,365,-7,-7,372
973,358,-7,-7,372
966,351,-7,-7,372
959,344,-7,-7,372
952,337,-7,-7,372
945,330,-7,-7,372
938,323,-7,-7,372
931,316,-7,-7,372
924,309,-7,-7,372
917,302,-7,-7,372
910,295,-7,-7,372
903,288,-7,-7,372
896,281,-7,-7,372
889,274,-7,-7,372
882,267,-7,-7,372
875,260,-7,-7,372
868,253,-7,-7,372
861,246,-7,-7,372
854,239,-7,-7,372
847,232,-7,-7,372
840,225,-7,-7,372
833,218,-7,-7,372
826,211,-7,-7,372
819,204,-7,-7,372
812,197,-7,-7,372
805,190,-7,-7,372
798,183,-7,-7,372
791,176,-7,-7,372
784,169,-7,-7,372
777,162,-7,-7,372
770,155,-7,-7,372
763,148,-7,-7,372
756,141,-7,-7,372
749,134,-7,-7,372
742,127,-7,-7,372
735,120,-7,-7,372
728,113,-7,-7,372
721,106,-7,-7,372
714,99,-7,-7,372
707,92,-7,-7,372
700,85,-7,-7,372
693,78,-7,-7,372
686,71,-7,-7,372
679,64,-7,-7,372
672,57,-7,-7,372
665,50,-7,-7,372
658,43,-7,-7,372
651,36,-7,-7,372
651,36,-7,7,372
644,43,-7,7,372
637,50,-7,7,372
630,57,-7,7,372
623,64,-7,7,372
616,71,-7,7,372
609,78,-7,7,372
602,85,-7,7,372
595,92,-7,7,372
588,99,-7,7,372
581,106,-7,7,372
574,113,-7,7,372
567,120,-7,7,372
560,127,-7,7,372
553,134,-7,7,372
546,141,-7,7,372
539,148,-7,7,372
532,155,-7,7,372
525,162,-7,7,372
518,169,-7,7,372
511,176,-7,7,372
504,183,-7,7,372
497,190,-7,7,372
490,197,-7,7,372
483,204,-7,7,372
476,211,-7,7,372
469,218,-7,7,372
462,225,-7,7,372
455,232,-7,7,372
448,239,-7,7,372
441,246,-7,7,372
434,253,-7,7,372
427,260,-7,7,372
420,267,-7,7,372
413,274,-7,7,372
406,281,-7,7,372
399,288,-7,7,372
392,295,-7,7,386
385,302,-7,7,400
378,309,-7,7,414
371,316,-7,7,428
364,323,-7,7,442
357,330,-7,7,456
350,337,-7,7,470
343,344,-7,7,484
336,351,-7,7,498
329,358,-7,7,512
322,365,-7,7,526
315,372,-7,7,526
308,379,-7,7,526
301,386,-7,7,526
294,393,-7,7,526
287,400,-7,7,526
280,407,-7,7,526
273,414,-7,7,526
266,421,-7,7,526
259,428,-7,7,526
252,435,-7,7,526
245,442,-7,7,526
238,449,-7,7,526
231,456,-7,7,526
224,463,-7,7,526
217,470,-7,7,526
210,477,-7,7,526
203,484,-7,7,540
196,491,-7,7,554
189,498,-7,7,568
182,505,-7,7,582
175,512,-7,7,596
168,519,-7,7,610
161,526,-7,7,624
154,533,-7,7,624
147,540,-7,7,624
140,547,-7,7,624
133,554,-7,7,624
126,561,-7,7,624
119,568,-7,7,624
112,575,-7,7,624
105,582,-7,7,624
98,589,-7,7,624
91,596,-7,7,624
84,603,-7,7,624
77,610,-7,7,624
70,617,-7,7,624
63,624,-7,7,624
56,631,-7,7,624
49,638,-7,7,638
42,645,-7,7,652
42,645,7,7,666
49,652,7,7,666
56,659,7,7,666
63,666,7,7,666
70,673,7,7,666
77,680,7,7,666
84,687,7,7,666
91,694,7,7,666
98,701,7,7,666
105,708,7,7,666
112,715,7,7,666
119,722,7,7,666
126,729,7,7,666
133,736,7,7,666
140,743,7,7,666
147,750,7,7,666
154,757,7,7,666
161,764,7,7,666
161,764,7,-7,666
168,757,7,-7,666
175,750,7,-7,666
182,743,7,-7,666
189,736,7,-7,666
196,729,7,-7,666
203,722,7,-7,666
210,715,7,-7,666
217,708,7,-7,652
224,701,7,-7,638
231,694,7,-7,624
238,687,7,-7,610
245,680,7,-7,596
252,673,7,-7,582
259,666,7,-7,568
266,659,7,-7,554
273,652,7,-7,540
280,645,7,-7,526
287,638,7,-7,512
294,631,7,-7,498
301,624,7,-7,484
308,617,7,-7,470
315,610,7,-7,456
322,603,7,-7,442
329,596,7,-7,428
336,589,7,-7,428
343,582,7,-7,428
350,575,7,-7,428
357,568,7,-7,428
364,561,7,-7,428
371,554,7,-7,428
378,547,7,-7,428
385,540,7,-7,428
392,533,7,-7,428
399,526,7,-7,428
406,519,7,-7,428
413,512,7,-7,428
420,505,7,-7,428
427,498,7,-7,428
434,491,7,-7,428
441,484,7,-7,428
448,477,7,-7,428
455,470,7,-7,428
462,463,7,-7,414
469,456,7,-7,400
476,449,7,-7,386
483,442,7,-7,372
490,435,7,-7,372
497,428,7,-7,372
504,421,7,-7,372
511,414,7,-7,372
518,407,7,-7,372
525,400,7,-7,372
532,393,7,-7,372
539,386,7,-7,372
546,379,7,-7,372
553,372,7,-7,372
560,365,7,-7,372
567,358,7,-7,372
574,351,7,-7,372
581,344,7,-7,372
588,337,7,-7,372
595,330,7,-7,372
602,323,7,-7,372
609,316,7,-7,372
616,309,7,-7,372
623,302,7,-7,372
630,295,7,-7,372
637,288,7,-7,372
644,281,7,-7,372
651,274,7,-7,372
658,267,7,-7,372
665,260,7,-7,372
672,253,7,-7,372
679,246,7,-7,372
686,239,7,-7,372
693,232,7,-7,372
700,225,7,-7,372
707,218,7,-7,372
714,211,7,-7,372
721,204,7,-7,372
728,197,7,-7,372
735,190,7,-7,372
742,183,7,-7,372
749,176,7,-7,372
756,169,7,-7,372
763,162,7,-7,372
770,155,7,-7,372
777,148,7,-7,372
784,141,7,-7,372
791,134,7,-7,372
798,127,7,-7,372
805,120,7,-7,372
812,113,7,-7,372
819,106,7,-7,372
826,99,7,-7,372
833,92,7,-7,372
840,85,7,-7,372
847,78,7,-7,372
854,71,7,-7,372
861,64,7,-7,372
868,57,7,-7,372
875,50,7,-7,372
882,43,7,-7,372
889,36,7,-7,372
889,36,7,7,372
896,43,7,7,372
903,50,7,7,372
910,57,7,7,372
917,64,7,7,372
924,71,7,7,372
931,78,7,7,372
938,85,7,7,372
945,92,7,7,372
952,99,7,7,372
959,106,7,7,372
966,113,7,7,372
973,120,7,7,372
980,127,7,7,372
987,134,7,7,372
994,141,7,7,372
1001,148,7,7,372
1008,155,7,7,372
1015,162,7,7,372
1022,169,7,7,372
1029,176,7,7,372
1036,183,7,7,372
1043,190,7,7,372
1050,197,7,7,372
1057,204,7,7,372
1064,211,7,7,372
1071,218,7,7,372
1078,225,7,7,372
1085,232,7,7,372
1092,239,7,7,372
1099,246,7,7,372
1106,253,7,7,372
1113,260,7,7,372
1120,267,7,7,372
1127,274,7,7,372
1134,281,7,7,372
1141,288,7,7,372
1148,295,7,7,372
1155,302,7,7,372
1162,309,7,7,372
1169,316,7,7,372
1176,323,7,7,372
1176,323,-7,7,372
1169,330,-7,7,372
1162,337,-7,7,372
1155,344,-7,7,372
1148,351,-7,7,372
1141,358,-7,7,372
1134,365,-7,7,372
1127,372,-7,7,372
1120,379,-7,7,372
1113,386,-7,7,372
1106,393,-7,7,372
1099,400,-7,7,372
1092,407,-7,7,372
1085,414,-7,7,372
1078,421,-7,7,372
1071,428,-7,7,372
1064,435,-7,7,372
1057,442,-7,7,372
1050,449,-7,7,372
1043,456,-7,7,372
1036,463,-7,7,372
1029,470,-7,7,372
1022,477,-7,7,372
1015,484,-7,7,372
1008,491,-7,7,372
1001,498,-7,7,372
994,505,-7,7,372
987,512,-7,7,372
980,519,-7,7,372
973,526,-7,7,372
966,533,-7,7,372
959,540,-7,7,372
952,547,-7,7,372
945,554,-7,7,372
938,561,-7,7,372
931,568,-7,7,372
924,575,-7,7,372
917,582,-7,7,372
910,589,-7,7,372
903,596,-7,7,372
896,603,-7,7,372
889,610,-7,7,372
882,617,-7,7,372
875,624,-7,7,372
868,631,-7,7,372
861,638,-7,7,372
854,645,-7,7,372
847,652,-7,7,372
840,659,-7,7,372
833,666,-7,7,372
826,673,-7,7,372
819,680,-7,7,372
812,687,-7,7,372
805,694,-7,7,372
798,701,-7,7,372
791,708,-7,7,372
784,715,-7,7,372
777,722,-7,7,372
770,729,-7,7,372
763,736,-7,7,372
756,743,-7,7,372
749,750,-7,7,372
742,757,-7,7,372
735,764,-7,7,372
735,764,-7,-7,372
728,757,-7,-7,372
721,750,-7,-7,372
714,743,-7,-7,372
707,736,-7,-7,372
700,729,-7,-7,372
693,722,-7,-7,372
686,715,-7,-7,372
679,708,-7,-7,372
672,701,-7,-7,372
665,694,-7,-7,372
658,687,-7,-7,372
651,680,-7,-7,372
644,673,-7,-7,372
637,666,-7,-7,372
630,659,-7,-7,372
623,652,-7,-7,372
616,645,-7,-7,372
609,638,-7,-7,372
602,631,-7,-7,372
595,624,-7,-7,372
588,617,-7,-7,372
581,610,-7,-7,372
574,603,-7,-7,372
567,596,-7,-7,372
560,589,-7,-7,372
553,582,-7,-7,372
546,575,-7,-7,372
539,568,-7,-7,372
532,561,-7,-7,372
525,554,-7,-7,372
518,547,-7,-7,372
511,540,-7,-7,372
504,533,-7,-7,372
497,526,-7,-7,372
490,519,-7,-7,372
483,512,-7,-7,372
476,505,-7,-7,372
469,498,-7,-7,372
462,491,-7,-7,372
455,484,-7,-7,372
448,477,-7,-7,372
441,470,-7,-7,372
434,463,-7,-7,372
427,456,-7,-7,372
420,449,-7,-7,372
413,442,-7,-7,372
406,435,-7,-7,358
399,428,-7,-7,344
392,421,-7,-7,330
385,414,-7,-7,316
378,407,-7,-7,302
371,400,-7,-7,288
364,393,-7,-7,274
357,386,-7,-7,260
350,379,-7,-7,246
343,372,-7,-7,232
336,365,-7,-7,218
329,358,-7,-7,218
322,351,-7,-7,218
315,344,-7,-7,218
308,337,-7,-7,218
301,330,-7,-7,218
294,323,-7,-7,218
287,316,-7,-7,218
280,309,-7,-7,218
273,302,-7,-7,218
266,295,-7,-7,218
259,288,-7,-7,218
252,281,-7,-7,218
245,274,-7,-7,218
238,267,-7,-7,218
231,260,-7,-7,218
224,253,-7,-7,218
217,246,-7,-7,218
210,239,-7,-7,204
203,232,-7,-7,190
196,225,-7,-7,176
189,218,-7,-7,162
182,211,-7,-7,148
175,204,-7,-7,134
168,197,-7,-7,120
161,190,-7,-7,106
154,183,-7,-7,92
147,176,-7,-7,78
140,169,-7,-7,78
133,162,-7,-7,78
126,155,-7,-7,78
119,148,-7,-7,78
112,141,-7,-7,78
105,134,-7,-7,78
98,127,-7,-7,78
91,120,-7,-7,78
84,113,-7,-7,78
77,106,-7,-7,78
70,99,-7,-7,78
63,92,-7,-7,78
56,85,-7,-7,78
49,78,-7,-7,78
42,71,-7,-7,78
42,71,7,-7,78
49,64,7,-7,78
56,57,7,-7,78
63,50,7,-7,78
70,43,7,-7,78
77,36,7,-7,78
77,36,7,7,78
84,43,7,7,78
91,50,7,7,78
98,57,7,7,78
105,64,7,7,78
112,71,7,7,78
119,78,7,7,78
126,85,7,7,78
133,92,7,7,78
140,99,7,7,78
147,106,7,7,78
154,113,7,7,78
161,120,7,7,78
168,127,7,7,78
175,134,7,7,78
182,141,7,7,78
189,148,7,7,78
196,155,7,7,78
203,162,7,7,78
210,169,7,7,78
217,176,7,7,78
224,183,7,7,78
231,190,7,7,78
238,197,7,7,78
245,204,7,7,78
252,211,7,7,78
259,218,7,7,92
266,225,7,7,106
273,232,7,7,120
280,239,7,7,134
287,246,7,7,148
294,253,7,7,162
301,260,7,7,176
308,267,7,7,190
315,274,7,7,204
322,281,7,7,218
329,288,7,7,232
336,295,7,7,246
343,302,7,7,260
350,309,7,7,274
357,316,7,7,288
364,323,7,7,302
371,330,7,7,316
378,337,7,7,330
385,344,7,7,344
392,351,7,7,358
399,358,7,7,372
406,365,7,7,372
413,372,7,7,372
420,379,7,7,372
427,386,7,7,372
434,393,7,7,372
441,400,7,7,372
448,407,7,7,372
455,414,7,7,372
462,421,7,7,372
469,428,7,7,372
476,435,7,7,372
483,442,7,7,372
490,449,7,7,372
497,456,7,7,372
504,463,7,7,372
511,470,7,7,372
518,477,7,7,372
525,484,7,7,372
532,491,7,7,372
539,498,7,7,372
546,505,7,7,372
553,512,7,7,372
560,519,7,7,372
567,526,7,7,372
574,533,7,7,372
581,540,7,7,372
588,547,7,7,372
595,554,7,7,372
602,561,7,7,372
609,568,7,7,372
616,575,7,7,372
623,582,7,7,372
630,589,7,7,372
637,596,7,7,372
644,603,7,7,372
651,610,7,7,372
658,617,7,7,372
665,624,7,7,372
672,631,7,7,372
679,638,7,7,372
686,645,7,7,372
693,652,7,7,372
700,659,7,7,372
707,666,7,7,372
714,673,7,7,372
721,680,7,7,372
728,687,7,7,372
735,694,7,7,372
742,701,7,7,372
749,708,7,7,372
756,715,7,7,372
763,722,7,7,372
770,729,7,7,372
777,736,7,7,372
784,743,7,7,372
791,750,7,7,372
798,757,7,7,372
805,764,7,7,372
805,764,7,-7,372
812,757,7,-7,372
819,750,7,-7,372
826,743,7,-7,372
833,736,7,-7,372
840,729,7,-7,372
847,722,7,-7,372
854,715,7,-7,372
861,708,7,-7,372
868,701,7,-7,372
875,694,7,-7,372
882,687,7,-7,372
889,680,7,-7,372
896,673,7,-7,372
903,666,7,-7,372
910,659,7,-7,372
917,652,7,-7,372
924,645,7,-7,372
931,638,7,-7,372
938,631,7,-7,372
945,624,7,-7,372
952,617,7,-7,372
959,610,7,-7,372
966,603,7,-7,372
973,596,7,-7,372
980,589,7,-7,372
987,582,7,-7,372
994,575,7,-7,372
1001,568,7,-7,372
1008,561,7,-7,372
1015,554,7,-7,372
1022,547,7,-7,372
1029,540,7,-7,372
1036,533,7,-7,372
1043,526,7,-7,372
1050,519,7,-7,372
1057,512,7,-7,372
1064,505,7,-7,372
1071,498,7,-7,372
1078,491,7,-7,372
1085,484,7,-7,372
1092,477,7,-7,372
1099,470,7,-7,372
1106,463,7,-7,372
1113,456,7,-7,372
1120,449,7,-7,372
1127,442,7,-7,372
1134,435,7,-7,372
1141,428,7,-7,372
1148,421,7,-7,372
1155,414,7,-7,372
1162,407,7,-7,372
1162,407,-7,-7,372
1155,400,-7,-7,372
1148,393,-7,-7,372
1141,386,-7,-7,372
1134,379,-7,-7,372
1127,372,-7,-7,372
1120,365,-7,-7,372
1113,358,-7,-7,372
1106,351,-7,-7,372
1099,344,-7,-7,372
1092,337,-7,-7,372
1085,330,-7,-7,372
1078,323,-7,-7,372
1071,316,-7,-7,372
1064,309,-7,-7,372
1057,302,-7,-7,372
1050,295,-7,-7,372
1043,288,-7,-7,372
1036,281,-7,-7,372
1029,274,-7,-7,372
1022,267,-7,-7,372
1015,260,-7,-7,372
1008,253,-7,-7,372
1001,246,-7,-7,372
994,239,-7,-7,372
987,232,-7,-7,372
980,225,-7,-7,372
973,218,-7,-7,372
966,211,-7,-7,372
959,204,-7,-7,372
952,197,-7,-7,372
945,190,-7,-7,372
938,183,-7,-7,372
931,176,-7,-7,372
924,169,-7,-7,372
917,162,-7,-7,372
910,155,-7,-7,372
903,148,-7,-7,372
896,141,-7,-7,372
889,134,-7,-7,372
882,127,-7,-7,372
875,120,-7,-7,372
868,113,-7,-7,372
861,106,-7,-7,372
854,99,-7,-7,372
847,92,-7,-7,372
840,85,-7,-7,372
833,78,-7,-7,372
826,71,-7,-7,372
819,64,-7,-7,372
812,57,-7,-7,372
805,50,-7,-7,372
798,43,-7,-7,372
791,36,-7,-7,372
791,36,-7,7,372
784,43,-7,7,372
777,50,-7,7,372
770,57,-7,7,372
763,64,-7,7,372
756,71,-7,7,372
749,78,-7,7,372
742,85,-7,7,372
735,92,-7,7,372
728,99,-7,7,372
721,106,-7,7,372
714,113,-7,7,372
707,120,-7,7,372
700,127,-7,7,372
693,134,-7,7,372
686,141,-7,7,372
679,148,-7,7,372
672,155,-7,7,372
665,162,-7,7,372
658,169,-7,7,372
651,176,-7,7,372
644,183,-7,7,372
637,190,-7,7,372
630,197,-7,7,372
623,204,-7,7,372
616,211,-7,7,372
609,218,-7,7,372
602,225,-7,7,372
595,232,-7,7,372
588,239,-7,7,372
581,246,-7,7,372
574,253,-7,7,372
567,260,-7,7,372
560,267,-7,7,372
553,274,-7,7,372
546,281,-7,7,372
539,288,-7,7,372
532,295,-7,7,372
525,302,-7,7,372
518,309,-7,7,386
511,316,-7,7,400
504,323,-7,7,414
497,330,-7,7,428
490,337,-7,7,442
483,344,-7,7,456
476,351,-7,7,470
469,358,-7,7,484
462,365,-7,7,498
455,372,-7,7,512
448,379,-7,7,526
441,386,-7,7,540
434,393,-7,7,554
427,400,-7,7,568
420,407,-7,7,582
413,414,-7,7,596
406,421,-7,7,610
399,428,-7,7,624
392,435,-7,7,638
385,442,-7,7,652
378,449,-7,7,666
371,456,-7,7,680
364,463,-7,7,680
357,470,-7,7,680
350,477,-7,7,680
343,484,-7,7,680
336,491,-7,7,680
329,498,-7,7,680
322,505,-7,7,680
315,512,-7,7,680
308,519,-7,7,680
301,526,-7,7,680
294,533,-7,7,680
287,540,-7,7,680
280,547,-7,7,680
273,554,-7,7,680
266,561,-7,7,680
259,568,-7,7,680
252,575,-7,7,680
245,582,-7,7,680
238,589,-7,7,680
231,596,-7,7,680
224,603,-7,7,680
217,610,-7,7,680
210,617,-7,7,680
203,624,-7,7,680
196,631,-7,7,680
189,638,-7,7,680
182,645,-7,7,680
175,652,-7,7,680
168,659,-7,7,680
161,666,-7,7,680
154,673,-7,7,680
147,680,-7,7,680
140,687,-7,7,680
133,694,-7,7,694
126,701,-7,7,708
119,708,-7,7,722
112,715,-7,7,722
105,722,-7,7,722
98,729,-7,7,722
91,736,-7,7,722
84,743,-7,7,722
77,750,-7,7,722
70,757,-7,7,722
63,764,-7,7,722
63,764,-7,-7,722
56,757,-7,-7,722
49,750,-7,-7,722
42,743,-7,-7,722
42,743,7,-7,722
49,736,7,-7,722
56,729,7,-7,722
63,722,7,-7,722
70,715,7,-7,722
77,708,7,-7,722
84,701,7,-7,722
91,694,7,-7,722
98,687,7,-7,722
105,680,7,-7,722
112,673,7,-7,722
119,666,7,-7,722
126,659,7,-7,722
133,652,7,-7,722
140,645,7,-7,722
147,638,7,-7,722
154,631,7,-7,722
161,624,7,-7,722
168,617,7,-7,722
175,610,7,-7,722
182,603,7,-7,722
189,596,7,-7,708
196,589,7,-7,694
203,582,7,-7,680
210,575,7,-7,666
217,568,7,-7,652
224,561,7,-7,638
231,554,7,-7,624
238,547,7,-7,610
245,540,7,-7,596
252,533,7,-7,582
259,526,7,-7,568
266,519,7,-7,554
273,512,7,-7,540
280,505,7,-7,526
287,498,7,-7,512
294,491,7,-7,498
301,484,7,-7,484
308,477,7,-7,470
315,470,7,-7,456
322,463,7,-7,442
329,456,7,-7,428
336,449,7,-7,414
343,442,7,-7,400
350,435,7,-7,400
357,428,7,-7,400
364,421,7,-7,400
371,414,7,-7,400
378,407,7,-7,400
385,400,7,-7,400
392,393,7,-7,400
399,386,7,-7,400
406,379,7,-7,400
413,372,7,-7,400
420,365,7,-7,400
427,358,7,-7,400
434,351,7,-7,400
441,344,7,-7,400
448,337,7,-7,400
455,330,7,-7,400
462,323,7,-7,400
469,316,7,-7,400
476,309,7,-7,400
483,302,7,-7,400
490,295,7,-7,400
497,288,7,-7,400
504,281,7,-7,400
511,274,7,-7,400
518,267,7,-7,400
525,260,7,-7,400
532,253,7,-7,400
539,246,7,-7,400
546,239,7,-7,400
553,232,7,-7,400
560,225,7,-7,400
567,218,7,-7,400
574,211,7,-7,400
581,204,7,-7,400
588,197,7,-7,400
595,190,7,-7,400
602,183,7,-7,400
609,176,7,-7,400
616,169,7,-7,400
623,162,7,-7,400
630,155,7,-7,400
637,148,7,-7,400
644,141,7,-7,400
651,134,7,-7,400
658,127,7,-7,400
665,120,7,-7,400
672,113,7,-7,400
679,106,7,-7,400
686,99,7,-7,400
693,92,7,-7,400
700,85,7,-7,400
707,78,7,-7,400
714,71,7,-7,400
721,64,7,-7,400
728,57,7,-7,400
735,50,7,-7,400
742,43,7,-7,400
749,36,7,-7,400
749,36,7,7,400
756,43,7,7,400
763,50,7,7,400
770,57,7,7,400
777,64,7,7,400
784,71,7,7,400
791,78,7,7,400
798,85,7,7,400
805,92,7,7,400
812,99,7,7,400
819,106,7,7,400
826,113,7,7,400
833,120,7,7,400
840,127,7,7,400
847,134,7,7,400
854,141,7,7,400
861,148,7,7,400
868,155,7,7,400
875,162,7,7,400
882,169,7,7,400
889,176,7,7,400
896,183,7,7,400
903,190,7,7,400
910,197,7,7,400
917,204,7,7,400
924,211,7,7,400
931,218,7,7,400
938,225,7,7,400
945,232,7,7,400
952,239,7,7,400
959,246,7,7,400
966,253,7,7,400
973,260,7,7,400
980,267,7,7,400
987,274,7,7,400
994,281,7,7,400
1001,288,7,7,400
1008,295,7,7,400
1015,302,7,7,400
1022,309,7,7,400
1029,316,7,7,400
1036,323,7,7,400
1043,330,7,7,400
1050,337,7,7,400
1057,344,7,7,400
1064,351,7,7,400
1071,358,7,7,400
1078,365,7,7,400
1085,372,7,7,400
1092,379,7,7,400
1099,386,7,7,400
1106,393,7,7,400
1113,400,7,7,400
1120,407,7,7,400
1127,414,7,7,400
1134,421,7,7,400
1141,428,7,7,400
1148,435,7,7,400
1155,442,7,7,400
1162,449,7,7,400
1169,456,7,7,400
1176,463,7,7,400
1176,463,-7,7,400
1169,470,-7,7,400
1162,477,-7,7,400
1155,484,-7,7,400
1148,491,-7,7,400
1141,498,-7,7,400
1134,505,-7,7,400
1127,512,-7,7,400
1120,519,-7,7,400
1113,526,-7,7,400
1106,533,-7,7,400
1099,540,-7,7,400
1092,547,-7,7,400
1085,554,-7,7,400
1078,561,-7,7,400
1071,568,-7,7,400
1064,575,-7,7,400
1057,582,-7,7,400
1050,589,-7,7,400
1043,596,-7,7,400
1036,603,-7,7,400
1029,610,-7,7,400
1022,617,-7,7,400
1015,624,-7,7,400
1008,631,-7,7,400
1001,638,-7,7,400
994,645,-7,7,400
987,652,-7,7,400
980,659,-7,7,400
973,666,-7,7,400
966,673,-7,7,400
959,680,-7,7,400
952,687,-7,7,400
945,694,-7,7,400
938,701,-7,7,400
931,708,-7,7,400
924,715,-7,7,400
917,722,-7,7,400
910,729,-7,7,400
903,736,-7,7,400
896,743,-7,7,400
889,750,-7,7,400
882,757,-7,7,400
875,764,-7,7,400
875,764,-7,-7,400
868,757,-7,-7,400
861,750,-7,-7,400
854,743,-7,-7,400
847,736,-7,-7,400
840,729,-7,-7,400
833,722,-7,-7,400
826,715,-7,-7,400
819,708,-7,-7,400
812,701,-7,-7,400
805,694,-7,-7,400
798,687,-7,-7,400
791,680,-7,-7,400
784,673,-7,-7,400
777,666,-7,-7,400
770,659,-7,-7,400
763,652,-7,-7,400
756,645,-7,-7,400
749,638,-7,-7,400
742,631,-7,-7,400
735,624,-7,-7,400
728,617,-7,-7,400
721,610,-7,-7,400
714,603,-7,-7,400
707,596,-7,-7,400
700,589,-7,-7,400
693,582,-7,-7,400
686,575,-7,-7,400
679,568,-7,-7,400
672,561,-7,-7,400
665,554,-7,-7,400
658,547,-7,-7,400
651,540,-7,-7,400
644,533,-7,-7,400
637,526,-7,-7,400
630,519,-7,-7,400
623,512,-7,-7,400
616,505,-7,-7,400
609,498,-7,-7,400
602,491,-7,-7,400
595,484,-7,-7,400
588,477,-7,-7,400
581,470,-7,-7,400
574,463,-7,-7,400
567,456,-7,-7,400
560,449,-7,-7,400
553,442,-7,-7,400
546,435,-7,-7,400
539,428,-7,-7,400
532,421,-7,-7,400
525,414,-7,-7,400
518,407,-7,-7,400
511,400,-7,-7,400
504,393,-7,-7,400
497,386,-7,-7,400
490,379,-7,-7,400
483,372,-7,-7,400
476,365,-7,-7,400
469,358,-7,-7,400
462,351,-7,-7,400
455,344,-7,-7,400
448,337,-7,-7,386
441,330,-7,-7,372
434,323,-7,-7,358
427,316,-7,-7,344
420,309,-7,-7,330
413,302,-7,-7,316
406,295,-7,-7,302
399,288,-7,-7,288
392,281,-7,-7,274
385,274,-7,-7,260
378,267,-7,-7,246
371,260,-7,-7,232
364,253,-7,-7,218
357,246,-7,-7,218
350,239,-7,-7,218
343,232,-7,-7,218
336,225,-7,-7,218
329,218,-7,-7,218
322,211,-7,-7,218
315,204,-7,-7,218
308,197,-7,-7,218
301,190,-7,-7,218
294,183,-7,-7,218
287,176,-7,-7,218
280,169,-7,-7,218
273,162,-7,-7,218
266,155,-7,-7,218
259,148,-7,-7,218
252,141,-7,-7,218
245,134,-7,-7,218
238,127,-7,-7,218
231,120,-7,-7,204
224,113,-7,-7,190
217,106,-7,-7,176
210,99,-7,-7,162
203,92,-7,-7,148
196,85,-7,-7,148
189,78,-7,-7,148
182,71,-7,-7,148
175,64,-7,-7,148
168,57,-7,-7,148
161,50,-7,-7,148
154,43,-7,-7,148
147,36,-7,-7,148
147,36,-7,7,148
140,43,-7,7,148
133,50,-7,7,148
126,57,-7,7,148
119,64,-7,7,148
112,71,-7,7,148
105,78,-7,7,148
98,85,-7,7,148
91,92,-7,7,148
84,99,-7,7,148
77,106,-7,7,148
70,113,-7,7,148
63,120,-7,7,148
56,127,-7,7,148
49,134,-7,7,148
42,141,-7,7,148
42,141,7,7,148
49,148,7,7,148
56,155,7,7,148
63,162,7,7,148
70,169,7,7,148
77,176,7,7,148
84,183,7,7,148
91,190,7,7,148
98,197,7,7,148
105,204,7,7,148
112,211,7,7,148
119,218,7,7,148
126,225,7,7,148
133,232,7,7,148
140,239,7,7,148
147,246,7,7,162
154,253,7,7,176
161,260,7,7,190
168,267,7,7,204
175,274,7,7,218
182,281,7,7,232
189,288,7,7,246
196,295,7,7,260
203,302,7,7,274
210,309,7,7,288
217,316,7,7,302
224,323,7,7,316
231,330,7,7,330
238,337,7,7,344
245,344,7,7,358
252,351,7,7,372
259,358,7,7,386
266,365,7,7,386
273,372,7,7,386
280,379,7,7,386
287,386,7,7,386
294,393,7,7,386
301,400,7,7,386
308,407,7,7,386
315,414,7,7,386
322,421,7,7,386
329,428,7,7,386
336,435,7,7,386
343,442,7,7,386
350,449,7,7,386
357,456,7,7,386
364,463,7,7,386
371,470,7,7,386
378,477,7,7,386
385,484,7,7,386
392,491,7,7,386
399,498,7,7,386
406,505,7,7,386
413,512,7,7,386
420,519,7,7,386
427,526,7,7,386
434,533,7,7,386
441,540,7,7,386
448,547,7,7,386
455,554,7,7,386
462,561,7,7,386
469,568,7,7,386
476,575,7,7,386
483,582,7,7,386
490,589,7,7,386
497,596,7,7,386
504,603,7,7,386
511,610,7,7,386
518,617,7,7,386
525,624,7,7,386
532,631,7,7,386
539,638,7,7,386
546,645,7,7,386
553,652,7,7,386
560,659,7,7,386
567,666,7,7,386
574,673,7,7,386
581,680,7,7,386
588,687,7,7,386
595,694,7,7,386
602,701,7,7,386
609,708,7,7,386
616,715,7,7,386
623,722,7,7,386
630,729,7,7,386
637,736,7,7,386
644,743,7,7,386
651,750,7,7,386
658,757,7,7,386
665,764,7,7,386
665,764,7,-7,386
672,757,7,-7,386
679,750,7,-7,386
686,743,7,-7,386
693,736,7,-7,386
700,729,7,-7,386
707,722,7,-7,386
714,715,7,-7,386
721,708,7,-7,386
728,701,7,-7,386
735,694,7,-7,386
742,687,7,-7,386
749,680,7,-7,386
756,673,7,-7,386
763,666,7,-7,386
770,659,7,-7,386
777,652,7,-7,386
784,645,7,-7,386
791,638,7,-7,386
798,631,7,-7,386
805,624,7,-7,386
812,617,7,-7,386
819,610,7,-7,386
826,603,7,-7,386
833,596,7,-7,386
840,589,7,-7,386
847,582,7,-7,386
854,575,7,-7,386
861,568,7,-7,386
868,561,7,-7,386
875,554,7,-7,386
882,547,7,-7,386
889,540,7,-7,386
896,533,7,-7,386
903,526,7,-7,386
910,519,7,-7,386
917,512,7,-7,386
924,505,7,-7,386
931,498,7,-7,386
938,491,7,-7,386
945,484,7,-7,386
952,477,7,-7,386
959,470,7,-7,386
966,463,7,-7,386
973,456,7,-7,386
980,449,7,-7,386
987,442,7,-7,386
994,435,7,-7,386
1001,428,7,-7,386
1008,421,7,-7,386
1015,414,7,-7,386
1022,407,7,-7,386
1029,400,7,-7,386
1036,393,7,-7,386
1043,386,7,-7,386
1050,379,7,-7,386
1057,372,7,-7,386
1064,365,7,-7,386
1071,358,7,-7,386
1078,351,7,-7,386
1085,344,7,-7,386
1092,337,7,-7,386
1099,330,7,-7,386
1106,323,7,-7,386
1113,316,7,-7,386
1120,309,7,-7,386
1127,302,7,-7,386
1134,295,7,-7,386
1141,288,7,-7,386
1148,281,7,-7,386
1155,274,7,-7,386
1162,267,7,-7,386
1169,260,7,-7,386
1176,253,7,-7,386
1176,253,-7,-7,386
1169,246,-7,-7,386
1162,239,-7,-7,386
1155,232,-7,-7,386
1148,225,-7,-7,386
1141,218,-7,-7,386
1134,211,-7,-7,386
1127,204,-7,-7,386
1120,197,-7,-7,386
1113,190,-7,-7,386
1106,183,-7,-7,386
1099,176,-7,-7,386
1092,169,-7,-7,386
1085,162,-7,-7,386
1078,155,-7,-7,386
1071,148,-7,-7,386
1064,141,-7,-7,386
1057,134,-7,-7,386
1050,127,-7,-7,386
1043,120,-7,-7,386
1036,113,-7,-7,386
1029,106,-7,-7,386
1022,99,-7,-7,386
1015,92,-7,-7,386
1008,85,-7,-7,386
1001,78,-7,-7,386
994,71,-7,-7,386
987,64,-7,-7,386
980,57,-7,-7,386
973,50,-7,-7,386
966,43,-7,-7,386
959,36,-7,-7,386
959,36,-7,7,386
952,43,-7,7,386
945,50,-7,7,386
938,57,-7,7,386
931,64,-7,7,386
924,71,-7,7,386
917,78,-7,7,386
910,85,-7,7,386
903,92,-7,7,386
896,99,-7,7,386
889,106,-7,7,386
882,113,-7,7,386
875,120,-7,7,386
868,127,-7,7,386
861,134,-7,7,386
854,141,-7,7,386
847,148,-7,7,386
840,155,-7,7,386
833,162,-7,7,386
826,169,-7,7,386
819,176,-7,7,386
812,183,-7,7,386
805,190,-7,7,386
798,197,-7,7,386
791,204,-7,7,386
784,211,-7,7,386
777,218,-7,7,386
770,225,-7,7,386
763,232,-7,7,386
756,239,-7,7,386
749,246,-7,7,386
742,253,-7,7,386
735,260,-7,7,386
728,267,-7,7,386
721,274,-7,7,386
714,281,-7,7,386
707,288,-7,7,386
700,295,-7,7,386
693,302,-7,7,386
686,309,-7,7,386
679,316,-7,7,386
672,323,-7,7,386
665,330,-7,7,386
658,337,-7,7,386
651,344,-7,7,400
644,351,-7,7,414
637,358,-7,7,428
630,365,-7,7,442
623,372,-7,7,456
616,379,-7,7,470
609,386,-7,7,484
602,393,-7,7,498
595,400,-7,7,498
588,407,-7,7,498
581,414,-7,7,498
574,421,-7,7,498
567,428,-7,7,498
560,435,-7,7,498
553,442,-7,7,498
546,449,-7,7,498
539,456,-7,7,498
532,463,-7,7,498
525,470,-7,7,498
518,477,-7,7,498
511,484,-7,7,498
504,491,-7,7,498
497,498,-7,7,498
490,505,-7,7,498
483,512,-7,7,498
476,519,-7,7,498
469,526,-7,7,498
462,533,-7,7,498
455,540,-7,7,498
448,547,-7,7,498
441,554,-7,7,498
434,561,-7,7,498
427,568,-7,7,498
420,575,-7,7,498
413,582,-7,7,498
406,589,-7,7,498
399,596,-7,7,498
392,603,-7,7,498
385,610,-7,7,498
378,617,-7,7,498
371,624,-7,7,498
364,631,-7,7,498
357,638,-7,7,498
350,645,-7,7,498
343,652,-7,7,498
336,659,-7,7,498
329,666,-7,7,498
322,673,-7,7,498
315,680,-7,7,498
308,687,-7,7,498
301,694,-7,7,498
294,701,-7,7,498
287,708,-7,7,498
280,715,-7,7,498
273,722,-7,7,498
266,729,-7,7,498
259,736,-7,7,498
252,743,-7,7,498
245,750,-7,7,498
238,757,-7,7,498
231,764,-7,7,498
231,764,-7,-7,498
224,757,-7,-7,498
217,750,-7,-7,498
210,743,-7,-7,498
203,736,-7,-7,498
196,729,-7,-7,498
189,722,-7,-7,498
182,715,-7,-7,498
175,708,-7,-7,498
168,701,-7,-7,498
161,694,-7,-7,498
154,687,-7,-7,498
147,680,-7,-7,498
140,673,-7,-7,498
133,666,-7,-7,498
126,659,-7,-7,498
119,652,-7,-7,498
112,645,-7,-7,498
105,638,-7,-7,498
98,631,-7,-7,512
91,624,-7,-7,526
84,617,-7,-7,540
77,610,-7,-7,554
70,603,-7,-7,568
63,596,-7,-7,582
56,589,-7,-7,582
49,582,-7,-7,582
42,575,-7,-7,582
42,575,7,-7,582
49,568,7,-7,582
56,561,7,-7,582
63,554,7,-7,582
70,547,7,-7,582
77,540,7,-7,582
84,533,7,-7,582
91,526,7,-7,582
98,519,7,-7,582
105,512,7,-7,582
112,505,7,-7,582
119,498,7,-7,582
126,491,7,-7,582
133,484,7,-7,582
140,477,7,-7,582
147,470,7,-7,582
154,463,7,-7,582
161,456,7,-7,582
168,449,7,-7,582
175,442,7,-7,582
182,435,7,-7,582
189,428,7,-7,582
196,421,7,-7,568
203,414,7,-7,554
210,407,7,-7,540
217,400,7,-7,526
224,393,7,-7,512
231,386,7,-7,498
238,379,7,-7,484
245,372,7,-7,470
252,365,7,-7,456
259,358,7,-7,442
266,351,7,-7,428
273,344,7,-7,414
280,337,7,-7,400
287,330,7,-7,386
294,323,7,-7,386
301,316,7,-7,386
308,309,7,-7,386
315,302,7,-7,386
322,295,7,-7,386
329,288,7,-7,386
336,281,7,-7,386
343,274,7,-7,386
350,267,7,-7,386
357,260,7,-7,386
364,253,7,-7,386
371,246,7,-7,386
378,239,7,-7,386
385,232,7,-7,386
392,225,7,-7,386
399,218,7,-7,386
406,211,7,-7,386
413,204,7,-7,386
420,197,7,-7,386
427,190,7,-7,386
434,183,7,-7,386
441,176,7,-7,386
448,169,7,-7,386
455,162,7,-7,386
462,155,7,-7,386
469,148,7,-7,386
476,141,7,-7,386
483,134,7,-7,386
490,127,7,-7,386
497,120,7,-7,386
504,113,7,-7,386
511,106,7,-7,386
518,99,7,-7,386
525,92,7,-7,386
532,85,7,-7,386
539,78,7,-7,386
546,71,7,-7,386
553,64,7,-7,386
560,57,7,-7,386
567,50,7,-7,386
574,43,7,-7,386
581,36,7,-7,386
581,36,7,7,386
588,43,7,7,386
595,50,7,7,386
602,57,7,7,386
609,64,7,7,386
616,71,7,7,386
623,78,7,7,386
630,85,7,7,386
637,92,7,7,386
644,99,7,7,386
651,106,7,7,386
658,113,7,7,386
665,120,7,7,386
672,127,7,7,386
679,134,7,7,386
686,141,7,7,386
693,148,7,7,386
700,155,7,7,386
707,162,7,7,386
714,169,7,7,386
721,176,7,7,386
728,183,7,7,386
735,190,7,7,386
742,197,7,7,386
749,204,7,7,386
756,211,7,7,386
763,218,7,7,386
770,225,7,7,386
777,232,7,7,386
784,239,7,7,386
791,246,7,7,386
798,253,7,7,386
805,260,7,7,386
812,267,7,7,386
819,274,7,7,386
826,281,7,7,386
833,288,7,7,386
840,295,7,7,386
847,302,7,7,386
854,309,7,7,386
861,316,7,7,386
868,323,7,7,386
875,330,7,7,386
882,337,7,7,386
889,344,7,7,386
896,351,7,7,386
903,358,7,7,386
910,365,7,7,386
917,372,7,7,386
924,379,7,7,386
931,386,7,7,386
938,393,7,7,386
945,400,7,7,386
952,407,7,7,386
959,414,7,7,386
966,421,7,7,386
973,428,7,7,386
980,435,7,7,386
987,442,7,7,386
994,449,7,7,386
1001,456,7,7,386
1008,463,7,7,386
1015,470,7,7,386
1022,477,7,7,386
1029,484,7,7,386
1036,491,7,7,386
1043,498,7,7,386
1050,505,7,7,386
1057,512,7,7,386
1064,519,7,7,386
1071,526,7,7,386
1078,533,7,7,386
1085,540,7,7,386
1092,547,7,7,386
1099,554,7,7,386
1106,561,7,7,386
1113,568,7,7,386
1120,575,7,7,386
1127,582,7,7,386
1134,589,7,7,386
1141,596,7,7,386
1148,603,7,7,386
1155,610,7,7,386
1162,617,7,7,386
1169,624,7,7,386
1176,631,7,7,386
1176,631,-7,7,386
1169,638,-7,7,386
1162,645,-7,7,386
1155,652,-7,7,386
1148,659,-7,7,386
1141,666,-7,7,386
1134,673,-7,7,386
1127,680,-7,7,386
1120,687,-7,7,386
1113,694,-7,7,386
1106,701,-7,7,386
1099,708,-7,7,386
1092,715,-7,7,386
1085,722,-7,7,386
1078,729,-7,7,386
1071,736,-7,7,386
1064,743,-7,7,386
1057,750,-7,7,386
1050,757,-7,7,386
1043,764,-7,7,386
1043,764,-7,-7,386
1036,757,-7,-7,386
1029,750,-7,-7,386
1022,743,-7,-7,386
1015,736,-7,-7,386
1008,729,-7,-7,386
1001,722,-7,-7,386
994,715,-7,-7,386
987,708,-7,-7,386
980,701,-7,-7,386
973,694,-7,-7,386
966,687,-7,-7,386
959,680,-7,-7,386
952,673,-7,-7,386
945,666,-7,-7,386
938,659,-7,-7,386
931,652,-7,-7,386
924,645,-7,-7,386
917,638,-7,-7,386
910,631,-7,-7,386
903,624,-7,-7,386
896,617,-7,-7,386
889,610,-7,-7,386
882,603,-7,-7,386
875,596,-7,-7,386
868,589,-7,-7,386
861,582,-7,-7,386
854,575,-7,-7,386
847,568,-7,-7,386
840,561,-7,-7,386
833,554,-7,-7,386
826,547,-7,-7,386
819,540,-7,-7,386
812,533,-7,-7,386
805,526,-7,-7,386
798,519,-7,-7,386
791,512,-7,-7,386
784,505,-7,-7,386
777,498,-7,-7,386
770,491,-7,-7,386
763,484,-7,-7,386
756,477,-7,-7,386
749,470,-7,-7,386
742,463,-7,-7,386
735,456,-7,-7,386
728,449,-7,-7,386
721,442,-7,-7,386
714,435,-7,-7,386
707,428,-7,-7,386
700,421,-7,-7,386
693,414,-7,-7,386
686,407,-7,-7,386
679,400,-7,-7,386
672,393,-7,-7,386
665,386,-7,-7,386
658,379,-7,-7,386
651,372,-7,-7,386
644,365,-7,-7,386
637,358,-7,-7,386
630,351,-7,-7,386
623,344,-7,-7,386
616,337,-7,-7,386
609,330,-7,-7,386
602,323,-7,-7,386
595,316,-7,-7,386
588,309,-7,-7,386
581,302,-7,-7,386
574,295,-7,-7,386
567,288,-7,-7,386
560,281,-7,-7,386
553,274,-7,-7,386
546,267,-7,-7,386
539,260,-7,-7,386
532,253,-7,-7,386
525,246,-7,-7,386
518,239,-7,-7,386
511,232,-7,-7,386
504,225,-7,-7,386
497,218,-7,-7,386
490,211,-7,-7,386
483,204,-7,-7,386
476,197,-7,-7,386
469,190,-7,-7,372
462,183,-7,-7,358
455,176,-7,-7,344
448,169,-7,-7,330
441,162,-7,-7,316
434,155,-7,-7,302
427,148,-7,-7,288
420,141,-7,-7,274
413,134,-7,-7,260
406,127,-7,-7,246
399,120,-7,-7,232
392,113,-7,-7,218
385,106,-7,-7,204
378,99,-7,-7,190
371,92,-7,-7,176
364,85,-7,-7,176
357,78,-7,-7,176
350,71,-7,-7,176
343,64,-7,-7,176
336,57,-7,-7,176
329,50,-7,-7,176
322,43,-7,-7,176
315,36,-7,-7,176
315,36,-7,7,176
308,43,-7,7,176
301,50,-7,7,176
294,57,-7,7,176
287,64,-7,7,176
280,71,-7,7,176
273,78,-7,7,176
266,85,-7,7,176
259,92,-7,7,176
252,99,-7,7,176
245,106,-7,7,176
238,113,-7,7,176
231,120,-7,7,176
224,127,-7,7,190
217,134,-7,7,204
210,141,-7,7,218
203,148,-7,7,232
196,155,-7,7,246
189,162,-7,7,260
182,169,-7,7,274
175,176,-7,7,288
168,183,-7,7,302
161,190,-7,7,302
154,197,-7,7,302
147,204,-7,7,302
140,211,-7,7,302
133,218,-7,7,302
126,225,-7,7,302
119,232,-7,7,302
112,239,-7,7,302
105,246,-7,7,302
98,253,-7,7,302
91,260,-7,7,302
84,267,-7,7,302
77,274,-7,7,302
70,281,-7,7,302
63,288,-7,7,302
56,295,-7,7,302
49,302,-7,7,302
42,309,-7,7,302
42,309,7,7,302
49,316,7,7,316
56,323,7,7,330
63,330,7,7,330
70,337,7,7,330
77,344,7,7,330
84,351,7,7,330
91,358,7,7,330
98,365,7,7,330
105,372,7,7,330
112,379,7,7,330
119,386,7,7,330
126,393,7,7,330
133,400,7,7,330
140,407,7,7,330
147,414,7,7,330
154,421,7,7,330
161,428,7,7,330
168,435,7,7,330
175,442,7,7,330
182,449,7,7,330
189,456,7,7,330
196,463,7,7,330
203,470,7,7,330
210,477,7,7,330
217,484,7,7,330
224,491,7,7,330
231,498,7,7,330
238,505,7,7,330
245,512,7,7,330
252,519,7,7,330
259,526,7,7,330
266,533,7,7,330
273,540,7,7,330
280,547,7,7,330
287,554,7,7,330
294,561,7,7,330
301,568,7,7,330
308,575,7,7,330
315,582,7,7,330
322,589,7,7,330
329,596,7,7,330
336,603,7,7,330
343,610,7,7,330
350,617,7,7,330
357,624,7,7,330
364,631,7,7,330
371,638,7,7,330
378,645,7,7,330
385,652,7,7,330
392,659,7,7,330
399,666,7,7,330
406,673,7,7,330
413,680,7,7,330
420,687,7,7,330
427,694,7,7,330
434,701,7,7,330
441,708,7,7,330
448,715,7,7,330
455,722,7,7,330
462,729,7,7,330
469,736,7,7,330
476,743,7,7,330
483,750,7,7,330
490,757,7,7,330
497,764,7,7,330
497,764,7,-7,330
504,757,7,-7,330
511,750,7,-7,330
518,743,7,-7,330
525,736,7,-7,330
532,729,7,-7,330
539,722,7,-7,330
546,715,7,-7,330
553,708,7,-7,330
560,701,7,-7,330
567,694,7,-7,330
574,687,7,-7,330
581,680,7,-7,330
588,673,7,-7,330
595,666,7,-7,330
602,659,7,-7,330
609,652,7,-7,330
616,645,7,-7,330
623,638,7,-7,330
630,631,7,-7,330
637,624,7,-7,330
644,617,7,-7,330
651,610,7,-7,330
658,603,7,-7,330
665,596,7,-7,330
672,589,7,-7,330
679,582,7,-7,330
686,575,7,-7,330
693,568,7,-7,330
700,561,7,-7,330
707,554,7,-7,330
714,547,7,-7,330
721,540,7,-7,330
728,533,7,-7,330
735,526,7,-7,330
742,519,7,-7,330
749,512,7,-7,330
756,505,7,-7,330
763,498,7,-7,330
770,491,7,-7,330
777,484,7,-7,330
784,477,7,-7,330
791,470,7,-7,330
798,463,7,-7,330
805,456,7,-7,330
812,449,7,-7,330
819,442,7,-7,330
826,435,7,-7,330
833,428,7,-7,330
840,421,7,-7,330
847,414,7,-7,330
854,407,7,-7,330
861,400,7,-7,330
868,393,7,-7,330
875,386,7,-7,330
882,379,7,-7,330
889,372,7,-7,330
896,365,7,-7,330
903,358,7,-7,330
910,351,7,-7,330
917,344,7,-7,330
924,337,7,-7,330
931,330,7,-7,330
938,323,7,-7,330
945,316,7,-7,330
952,309,7,-7,330
959,302,7,-7,330
966,295,7,-7,330
973,288,7,-7,330
980,281,7,-7,330
987,274,7,-7,330
994,267,7,-7,330
1001,260,7,-7,330
1008,253,7,-7,330
1015,246,7,-7,330
1022,239,7,-7,330
1029,232,7,-7,330
1036,225,7,-7,330
1043,218,7,-7,330
1050,211,7,-7,330
1057,204,7,-7,330
1064,197,7,-7,330
1071,190,7,-7,330
1078,183,7,-7,330
1085,176,7,-7,330
1092,169,7,-7,330
1099,162,7,-7,330
1106,155,7,-7,330
1113,148,7,-7,330
1120,141,7,-7,330
1127,134,7,-7,330
1134,127,7,-7,330
1141,120,7,-7,330
1148,113,7,-7,330
1155,106,7,-7,330
1162,99,7,-7,330
1169,92,7,-7,330
1176,85,7,-7,330
1176,85,-7,-7,330
1169,78,-7,-7,330
1162,71,-7,-7,330
1155,64,-7,-7,330
1148,57,-7,-7,330
1141,50,-7,-7,330
1134,43,-7,-7,330
1127,36,-7,-7,330
1127,36,-7,7,330
1120,43,-7,7,330
1113,50,-7,7,330
1106,57,-7,7,330
1099,64,-7,7,330
1092,71,-7,7,330
1085,78,-7,7,330
1078,85,-7,7,330
1071,92,-7,7,330
1064,99,-7,7,330
1057,106,-7,7,330
1050,113,-7,7,330
1043,120,-7,7,330
1036,127,-7,7,330
1029,134,-7,7,330
1022,141,-7,7,330
1015,148,-7,7,330
1008,155,-7,7,344
1001,162,-7,7,358
994,169,-7,7,372
987,176,-7,7,386
980,183,-7,7,400
973,190,-7,7,414
966,197,-7,7,428
959,204,-7,7,442
952,211,-7,7,456
945,218,-7,7,470
938,225,-7,7,470
931,232,-7,7,470
924,239,-7,7,470
917,246,-7,7,470
910,253,-7,7,470
903,260,-7,7,470
896,267,-7,7,470
889,274,-7,7,470
882,281,-7,7,470
875,288,-7,7,470
868,295,-7,7,470
861,302,-7,7,470
854,309,-7,7,470
847,316,-7,7,470
840,323,-7,7,470
833,330,-7,7,470
826,337,-7,7,470
819,344,-7,7,470
812,351,-7,7,470
805,358,-7,7,470
798,365,-7,7,470
791,372,-7,7,470
784,379,-7,7,470
777,386,-7,7,470
770,393,-7,7,470
763,400,-7,7,484
756,407,-7,7,498
749,414,-7,7,512
742,421,-7,7,526
735,428,-7,7,540
728,435,-7,7,554
721,442,-7,7,554
714,449,-7,7,554
707,456,-7,7,554
700,463,-7,7,554
693,470,-7,7,554
686,477,-7,7,554
679,484,-7,7,554
672,491,-7,7,554
665,498,-7,7,554
658,505,-7,7,554
651,512,-7,7,554
644,519,-7,7,554
637,526,-7,7,554
630,533,-7,7,554
623,540,-7,7,554
616,547,-7,7,554
609,554,-7,7,554
602,561,-7,7,554
595,568,-7,7,554
588,575,-7,7,554
581,582,-7,7,554
574,589,-7,7,554
567,596,-7,7,554
560,603,-7,7,554
553,610,-7,7,554
546,617,-7,7,554
539,624,-7,7,554
532,631,-7,7,554
525,638,-7,7,554
518,645,-7,7,554
511,652,-7,7,554
504,659,-7,7,554
497,666,-7,7,554
490,673,-7,7,554
483,680,-7,7,554
476,687,-7,7,554
469,694,-7,7,554
462,701,-7,7,554
455,708,-7,7,554
448,715,-7,7,554
441,722,-7,7,554
434,729,-7,7,554
427,736,-7,7,554
420,743,-7,7,554
413,750,-7,7,554
406,757,-7,7,554
399,764,-7,7,554
399,764,-7,-7,554
392,757,-7,-7,554
385,750,-7,-7,554
378,743,-7,-7,554
371,736,-7,-7,554
364,729,-7,-7,554
357,722,-7,-7,554
350,715,-7,-7,554
343,708,-7,-7,554
336,701,-7,-7,554
329,694,-7,-7,554
322,687,-7,-7,554
315,680,-7,-7,554
308,673,-7,-7,554
301,666,-7,-7,554
294,659,-7,-7,554
287,652,-7,-7,554
280,645,-7,-7,554
273,638,-7,-7,554
266,631,-7,-7,554
259,624,-7,-7,554
252,617,-7,-7,554
245,610,-7,-7,554
238,603,-7,-7,554
231,596,-7,-7,554
224,589,-7,-7,554
217,582,-7,-7,554
210,575,-7,-7,554
203,568,-7,-7,554
196,561,-7,-7,554
189,554,-7,-7,554
182,547,-7,-7,540
175,540,-7,-7,526
168,533,-7,-7,512
161,526,-7,-7,498
154,519,-7,-7,484
147,512,-7,-7,470
140,505,-7,-7,456
133,498,-7,-7,442
126,491,-7,-7,428
119,484,-7,-7,428
112,477,-7,-7,428
105,470,-7,-7,428
98,463,-7,-7,428
91,456,-7,-7,428
84,449,-7,-7,428
77,442,-7,-7,428
70,435,-7,-7,428
63,428,-7,-7,428
56,421,-7,-7,428
49,414,-7,-7,414
42,407,-7,-7,400
42,407,7,-7,386
49,400,7,-7,372
56,393,7,-7,358
63,386,7,-7,358
70,379,7,-7,358
77,372,7,-7,358
84,365,7,-7,358
91,358,7,-7,358
98,351,7,-7,358
105,344,7,-7,358
112,337,7,-7,358
119,330,7,-7,358
126,323,7,-7,358
133,316,7,-7,358
140,309,7,-7,358
147,302,7,-7,358
154,295,7,-7,358
161,288,7,-7,358
168,281,7,-7,358
175,274,7,-7,358
182,267,7,-7,358
189,260,7,-7,358
196,253,7,-7,358
203,246,7,-7,358
210,239,7,-7,358
217,232,7,-7,358
224,225,7,-7,358
231,218,7,-7,358
238,211,7,-7,358
245,204,7,-7,358
252,197,7,-7,358
259,190,7,-7,358
266,183,7,-7,358
273,176,7,-7,358
280,169,7,-7,358
287,162,7,-7,358
294,155,7,-7,358
301,148,7,-7,358
308,141,7,-7,358
315,134,7,-7,358
322,127,7,-7,358
329,120,7,-7,358
336,113,7,-7,358
343,106,7,-7,358
350,99,7,-7,358
357,92,7,-7,358
364,85,7,-7,358
371,78,7,-7,358
378,71,7,-7,358
385,64,7,-7,358
392,57,7,-7,358
399,50,7,-7,358
406,43,7,-7,358
413,36,7,-7,358
413,36,7,7,358
420,43,7,7,358
427,50,7,7,358
434,57,7,7,358
441,64,7,7,358
448,71,7,7,358
455,78,7,7,358
462,85,7,7,358
469,92,7,7,358
476,99,7,7,358
483,106,7,7,358
490,113,7,7,358
